Day,Week/Phase,主題,今日聚焦,學習目標,今日任務清單,專案功能切片,5題主動回憶題,費曼輸出題,預期產出,建議時間,複習節奏,備註
1,Week 1,基礎盤點 + TypeScript/React 大型專案模式,專案骨架與工程規範,把「專案骨架與工程規範」從概念變成可交付成果，並能用面試可理解的方式解釋設計取捨。,"1. 主動回憶 10–15 分鐘：先不看資料，口頭回答今天主題的 5 題問題
2. 主題學習 25–35 分鐘：聚焦「專案骨架與工程規範」的原理與常見 trade-off
3. 交錯實作 60–90 分鐘：在 EduFlow 中完成「初始化 Next.js + TS + ESLint/Prettier/Husky，建立 app/features/shared/components 結構」
4. 費曼輸出 15 分鐘：用 150–250 字解釋今天的設計決策與踩雷點
5. 間隔複習 10 分鐘：回顧前 1 天 / 7 天的卡片與舊功能",功能切片：初始化 Next.js + TS + ESLint/Prettier/Husky，建立 app/features/shared/components 結構；驗收重點：頁面可操作、命名一致、狀態明確、可被後續測試/重構。,"1. 「專案骨架與工程規範」主要在解決什麼問題？如果不處理，基礎盤點 + TypeScript/React 大型專案模式 會出現什麼維護成本？
2. 針對「初始化 Next.js + TS + ESLint/Prettier/Husky，建立 app/features/shared/components 結構」，你至少要做哪 2 個設計取捨？為什麼？
3. 在 EduFlow 裡，今天這個主題最適合落在哪個頁面或元件？原因是什麼？
4. 新手在做「專案骨架與工程規範」時最常犯的 1–2 個錯誤是什麼？你要怎麼避免？
5. 如果面試官問你今天的設計決策，你會如何用 1 分鐘講出『問題 → 方案 → 取捨』？",請用白話向一位 junior 解釋：為什麼「專案骨架與工程規範」不能只追求能動，而要同時考慮可維護性？請順便用「初始化 Next.js + TS + ESLint/Prettier/Husky，建立 app/features/shared/components 結構」舉例。,EduFlow 完成「初始化 Next.js + TS + ESLint/Prettier/Husky，建立 app/features/shared/components 結構」的最小可交付版本，並補一段可面試口說的設計說明。,2–3 小時,複習節奏：D+1 看 Day 1 卡片；D+7 回顧本日主題；D+21 加入反例與踩雷,此版本依前面已整理出的 60 天主線延伸；若要逐字對齊原始 plans.txt，需重新上傳原檔。
2,Week 1,基礎盤點 + TypeScript/React 大型專案模式,TypeScript 型別建模,把「TypeScript 型別建模」從概念變成可交付成果，並能用面試可理解的方式解釋設計取捨。,"1. 主動回憶 10–15 分鐘：先不看資料，口頭回答今天主題的 5 題問題
2. 主題學習 25–35 分鐘：聚焦「TypeScript 型別建模」的原理與常見 trade-off
3. 交錯實作 60–90 分鐘：在 EduFlow 中完成「建立 User/Course/Lesson 型別、ApiResponse<T>、PaginatedResponse<T>」
4. 費曼輸出 15 分鐘：用 150–250 字解釋今天的設計決策與踩雷點
5. 間隔複習 10 分鐘：回顧前 1 天 / 7 天的卡片與舊功能",功能切片：建立 User/Course/Lesson 型別、ApiResponse<T>、PaginatedResponse<T>；驗收重點：頁面可操作、命名一致、狀態明確、可被後續測試/重構。,"1. 「TypeScript 型別建模」主要在解決什麼問題？如果不處理，基礎盤點 + TypeScript/React 大型專案模式 會出現什麼維護成本？
2. 針對「建立 User/Course/Lesson 型別、ApiResponse<T>、PaginatedResponse<T>」，你至少要做哪 2 個設計取捨？為什麼？
3. 在 EduFlow 裡，今天這個主題最適合落在哪個頁面或元件？原因是什麼？
4. 新手在做「TypeScript 型別建模」時最常犯的 1–2 個錯誤是什麼？你要怎麼避免？
5. 如果面試官問你今天的設計決策，你會如何用 1 分鐘講出『問題 → 方案 → 取捨』？",請用白話向一位 junior 解釋：為什麼「TypeScript 型別建模」不能只追求能動，而要同時考慮可維護性？請順便用「建立 User/Course/Lesson 型別、ApiResponse<T>、PaginatedResponse<T>」舉例。,EduFlow 完成「建立 User/Course/Lesson 型別、ApiResponse<T>、PaginatedResponse<T>」的最小可交付版本，並補一段可面試口說的設計說明。,2–3 小時,複習節奏：D+1 看 Day 2 卡片；D+7 回顧本日主題；D+21 加入反例與踩雷,此版本依前面已整理出的 60 天主線延伸；若要逐字對齊原始 plans.txt，需重新上傳原檔。
3,Week 1,基礎盤點 + TypeScript/React 大型專案模式,React render 模型與 state colocation,把「React render 模型與 state colocation」從概念變成可交付成果，並能用面試可理解的方式解釋設計取捨。,"1. 主動回憶 10–15 分鐘：先不看資料，口頭回答今天主題的 5 題問題
2. 主題學習 25–35 分鐘：聚焦「React render 模型與 state colocation」的原理與常見 trade-off
3. 交錯實作 60–90 分鐘：在 EduFlow 中完成「拆分 Courses 頁為 page/list/card/filter，決定 local state 的位置」
4. 費曼輸出 15 分鐘：用 150–250 字解釋今天的設計決策與踩雷點
5. 間隔複習 10 分鐘：回顧前 1 天 / 7 天的卡片與舊功能",功能切片：拆分 Courses 頁為 page/list/card/filter，決定 local state 的位置；驗收重點：頁面可操作、命名一致、狀態明確、可被後續測試/重構。,"1. 「React render 模型與 state colocation」主要在解決什麼問題？如果不處理，基礎盤點 + TypeScript/React 大型專案模式 會出現什麼維護成本？
2. 針對「拆分 Courses 頁為 page/list/card/filter，決定 local state 的位置」，你至少要做哪 2 個設計取捨？為什麼？
3. 在 EduFlow 裡，今天這個主題最適合落在哪個頁面或元件？原因是什麼？
4. 新手在做「React render 模型與 state colocation」時最常犯的 1–2 個錯誤是什麼？你要怎麼避免？
5. 如果面試官問你今天的設計決策，你會如何用 1 分鐘講出『問題 → 方案 → 取捨』？",請用白話向一位 junior 解釋：為什麼「React render 模型與 state colocation」不能只追求能動，而要同時考慮可維護性？請順便用「拆分 Courses 頁為 page/list/card/filter，決定 local state 的位置」舉例。,EduFlow 完成「拆分 Courses 頁為 page/list/card/filter，決定 local state 的位置」的最小可交付版本，並補一段可面試口說的設計說明。,2–3 小時,複習節奏：D+1 看 Day 3 卡片；D+7 回顧本日主題；D+21 加入反例與踩雷,此版本依前面已整理出的 60 天主線延伸；若要逐字對齊原始 plans.txt，需重新上傳原檔。
4,Week 1,基礎盤點 + TypeScript/React 大型專案模式,基礎 UI 元件 API 設計,把「基礎 UI 元件 API 設計」從概念變成可交付成果，並能用面試可理解的方式解釋設計取捨。,"1. 主動回憶 10–15 分鐘：先不看資料，口頭回答今天主題的 5 題問題
2. 主題學習 25–35 分鐘：聚焦「基礎 UI 元件 API 設計」的原理與常見 trade-off
3. 交錯實作 60–90 分鐘：在 EduFlow 中完成「建立 Button/Input/Card/EmptyState 四個基礎元件」
4. 費曼輸出 15 分鐘：用 150–250 字解釋今天的設計決策與踩雷點
5. 間隔複習 10 分鐘：回顧前 1 天 / 7 天的卡片與舊功能",功能切片：建立 Button/Input/Card/EmptyState 四個基礎元件；驗收重點：頁面可操作、命名一致、狀態明確、可被後續測試/重構。,"1. 「基礎 UI 元件 API 設計」主要在解決什麼問題？如果不處理，基礎盤點 + TypeScript/React 大型專案模式 會出現什麼維護成本？
2. 針對「建立 Button/Input/Card/EmptyState 四個基礎元件」，你至少要做哪 2 個設計取捨？為什麼？
3. 在 EduFlow 裡，今天這個主題最適合落在哪個頁面或元件？原因是什麼？
4. 新手在做「基礎 UI 元件 API 設計」時最常犯的 1–2 個錯誤是什麼？你要怎麼避免？
5. 如果面試官問你今天的設計決策，你會如何用 1 分鐘講出『問題 → 方案 → 取捨』？",請用白話向一位 junior 解釋：為什麼「基礎 UI 元件 API 設計」不能只追求能動，而要同時考慮可維護性？請順便用「建立 Button/Input/Card/EmptyState 四個基礎元件」舉例。,EduFlow 完成「建立 Button/Input/Card/EmptyState 四個基礎元件」的最小可交付版本，並補一段可面試口說的設計說明。,2–3 小時,複習節奏：D+1 看 Day 4 卡片；D+7 回顧本日主題；D+21 加入反例與踩雷,此版本依前面已整理出的 60 天主線延伸；若要逐字對齊原始 plans.txt，需重新上傳原檔。
5,Week 1,基礎盤點 + TypeScript/React 大型專案模式,表單驗證與錯誤處理,把「表單驗證與錯誤處理」從概念變成可交付成果，並能用面試可理解的方式解釋設計取捨。,"1. 主動回憶 10–15 分鐘：先不看資料，口頭回答今天主題的 5 題問題
2. 主題學習 25–35 分鐘：聚焦「表單驗證與錯誤處理」的原理與常見 trade-off
3. 交錯實作 60–90 分鐘：在 EduFlow 中完成「用 react-hook-form + zod（或同級方案）完成登入表單」
4. 費曼輸出 15 分鐘：用 150–250 字解釋今天的設計決策與踩雷點
5. 間隔複習 10 分鐘：回顧前 1 天 / 7 天的卡片與舊功能",功能切片：用 react-hook-form + zod（或同級方案）完成登入表單；驗收重點：頁面可操作、命名一致、狀態明確、可被後續測試/重構。,"1. 「表單驗證與錯誤處理」主要在解決什麼問題？如果不處理，基礎盤點 + TypeScript/React 大型專案模式 會出現什麼維護成本？
2. 針對「用 react-hook-form + zod（或同級方案）完成登入表單」，你至少要做哪 2 個設計取捨？為什麼？
3. 在 EduFlow 裡，今天這個主題最適合落在哪個頁面或元件？原因是什麼？
4. 新手在做「表單驗證與錯誤處理」時最常犯的 1–2 個錯誤是什麼？你要怎麼避免？
5. 如果面試官問你今天的設計決策，你會如何用 1 分鐘講出『問題 → 方案 → 取捨』？",請用白話向一位 junior 解釋：為什麼「表單驗證與錯誤處理」不能只追求能動，而要同時考慮可維護性？請順便用「用 react-hook-form + zod（或同級方案）完成登入表單」舉例。,EduFlow 完成「用 react-hook-form + zod（或同級方案）完成登入表單」的最小可交付版本，並補一段可面試口說的設計說明。,2–3 小時,複習節奏：D+1 看 Day 5 卡片；D+7 回顧本日主題；D+21 加入反例與踩雷,此版本依前面已整理出的 60 天主線延伸；若要逐字對齊原始 plans.txt，需重新上傳原檔。
6,Week 1,基礎盤點 + TypeScript/React 大型專案模式,Dashboard layout 與頁面狀態,把「Dashboard layout 與頁面狀態」從概念變成可交付成果，並能用面試可理解的方式解釋設計取捨。,"1. 主動回憶 10–15 分鐘：先不看資料，口頭回答今天主題的 5 題問題
2. 主題學習 25–35 分鐘：聚焦「Dashboard layout 與頁面狀態」的原理與常見 trade-off
3. 交錯實作 60–90 分鐘：在 EduFlow 中完成「建立 dashboard 殼頁、loading/empty/error 狀態元件」
4. 費曼輸出 15 分鐘：用 150–250 字解釋今天的設計決策與踩雷點
5. 間隔複習 10 分鐘：回顧前 1 天 / 7 天的卡片與舊功能",功能切片：建立 dashboard 殼頁、loading/empty/error 狀態元件；驗收重點：頁面可操作、命名一致、狀態明確、可被後續測試/重構。,"1. 「Dashboard layout 與頁面狀態」主要在解決什麼問題？如果不處理，基礎盤點 + TypeScript/React 大型專案模式 會出現什麼維護成本？
2. 針對「建立 dashboard 殼頁、loading/empty/error 狀態元件」，你至少要做哪 2 個設計取捨？為什麼？
3. 在 EduFlow 裡，今天這個主題最適合落在哪個頁面或元件？原因是什麼？
4. 新手在做「Dashboard layout 與頁面狀態」時最常犯的 1–2 個錯誤是什麼？你要怎麼避免？
5. 如果面試官問你今天的設計決策，你會如何用 1 分鐘講出『問題 → 方案 → 取捨』？",請用白話向一位 junior 解釋：為什麼「Dashboard layout 與頁面狀態」不能只追求能動，而要同時考慮可維護性？請順便用「建立 dashboard 殼頁、loading/empty/error 狀態元件」舉例。,EduFlow 完成「建立 dashboard 殼頁、loading/empty/error 狀態元件」的最小可交付版本，並補一段可面試口說的設計說明。,2–3 小時,複習節奏：D+1 看 Day 6 卡片；D+7 回顧本日主題；D+21 加入反例與踩雷,此版本依前面已整理出的 60 天主線延伸；若要逐字對齊原始 plans.txt，需重新上傳原檔。
7,Week 1,基礎盤點 + TypeScript/React 大型專案模式,Week 1 收斂與閉卷測驗,把「Week 1 收斂與閉卷測驗」從概念變成可交付成果，並能用面試可理解的方式解釋設計取捨。,"1. 主動回憶 10–15 分鐘：先不看資料，口頭回答今天主題的 5 題問題
2. 主題學習 25–35 分鐘：聚焦「Week 1 收斂與閉卷測驗」的原理與常見 trade-off
3. 交錯實作 60–90 分鐘：在 EduFlow 中完成「整理 README、規範文件、20 張複習卡與 3–5 分鐘 demo」
4. 費曼輸出 15 分鐘：用 150–250 字解釋今天的設計決策與踩雷點
5. 間隔複習 10 分鐘：回顧前 1 天 / 7 天的卡片與舊功能",功能切片：整理 README、規範文件、20 張複習卡與 3–5 分鐘 demo；驗收重點：頁面可操作、命名一致、狀態明確、可被後續測試/重構。,"1. 「Week 1 收斂與閉卷測驗」主要在解決什麼問題？如果不處理，基礎盤點 + TypeScript/React 大型專案模式 會出現什麼維護成本？
2. 針對「整理 README、規範文件、20 張複習卡與 3–5 分鐘 demo」，你至少要做哪 2 個設計取捨？為什麼？
3. 在 EduFlow 裡，今天這個主題最適合落在哪個頁面或元件？原因是什麼？
4. 新手在做「Week 1 收斂與閉卷測驗」時最常犯的 1–2 個錯誤是什麼？你要怎麼避免？
5. 如果面試官問你今天的設計決策，你會如何用 1 分鐘講出『問題 → 方案 → 取捨』？",請用白話向一位 junior 解釋：為什麼「Week 1 收斂與閉卷測驗」不能只追求能動，而要同時考慮可維護性？請順便用「整理 README、規範文件、20 張複習卡與 3–5 分鐘 demo」舉例。,EduFlow 完成「整理 README、規範文件、20 張複習卡與 3–5 分鐘 demo」的最小可交付版本，並補一段可面試口說的設計說明。,4–6 小時（週收斂）,複習節奏：D+1 看 Day 7 卡片；D+7 回顧本日主題；D+21 加入反例與踩雷,此版本依前面已整理出的 60 天主線延伸；若要逐字對齊原始 plans.txt，需重新上傳原檔。
8,Week 2,狀態管理與資料流（Redux Toolkit / RTK Query）,狀態分類策略,把「狀態分類策略」從概念變成可交付成果，並能用面試可理解的方式解釋設計取捨。,"1. 主動回憶 10–15 分鐘：先不看資料，口頭回答今天主題的 5 題問題
2. 主題學習 25–35 分鐘：聚焦「狀態分類策略」的原理與常見 trade-off
3. 交錯實作 60–90 分鐘：在 EduFlow 中完成「區分 component state / global state / server cache，畫出決策樹」
4. 費曼輸出 15 分鐘：用 150–250 字解釋今天的設計決策與踩雷點
5. 間隔複習 10 分鐘：回顧前 1 天 / 7 天的卡片與舊功能",功能切片：區分 component state / global state / server cache，畫出決策樹；驗收重點：頁面可操作、命名一致、狀態明確、可被後續測試/重構。,"1. 「狀態分類策略」主要在解決什麼問題？如果不處理，狀態管理與資料流（Redux Toolkit / RTK Query） 會出現什麼維護成本？
2. 針對「區分 component state / global state / server cache，畫出決策樹」，你至少要做哪 2 個設計取捨？為什麼？
3. 在 EduFlow 裡，今天這個主題最適合落在哪個頁面或元件？原因是什麼？
4. 新手在做「狀態分類策略」時最常犯的 1–2 個錯誤是什麼？你要怎麼避免？
5. 如果面試官問你今天的設計決策，你會如何用 1 分鐘講出『問題 → 方案 → 取捨』？",請用白話向一位 junior 解釋：為什麼「狀態分類策略」不能只追求能動，而要同時考慮可維護性？請順便用「區分 component state / global state / server cache，畫出決策樹」舉例。,EduFlow 完成「區分 component state / global state / server cache，畫出決策樹」的最小可交付版本，並補一段可面試口說的設計說明。,2–3 小時,複習節奏：D+1 看 Day 8 卡片；D+7 回顧本日主題；D+21 加入反例與踩雷,此版本依前面已整理出的 60 天主線延伸；若要逐字對齊原始 plans.txt，需重新上傳原檔。
9,Week 2,狀態管理與資料流（Redux Toolkit / RTK Query）,Redux Toolkit slice 設計,把「Redux Toolkit slice 設計」從概念變成可交付成果，並能用面試可理解的方式解釋設計取捨。,"1. 主動回憶 10–15 分鐘：先不看資料，口頭回答今天主題的 5 題問題
2. 主題學習 25–35 分鐘：聚焦「Redux Toolkit slice 設計」的原理與常見 trade-off
3. 交錯實作 60–90 分鐘：在 EduFlow 中完成「建立 authSlice、uiSlice，整理 actions / selectors」
4. 費曼輸出 15 分鐘：用 150–250 字解釋今天的設計決策與踩雷點
5. 間隔複習 10 分鐘：回顧前 1 天 / 7 天的卡片與舊功能",功能切片：建立 authSlice、uiSlice，整理 actions / selectors；驗收重點：頁面可操作、命名一致、狀態明確、可被後續測試/重構。,"1. 「Redux Toolkit slice 設計」主要在解決什麼問題？如果不處理，狀態管理與資料流（Redux Toolkit / RTK Query） 會出現什麼維護成本？
2. 針對「建立 authSlice、uiSlice，整理 actions / selectors」，你至少要做哪 2 個設計取捨？為什麼？
3. 在 EduFlow 裡，今天這個主題最適合落在哪個頁面或元件？原因是什麼？
4. 新手在做「Redux Toolkit slice 設計」時最常犯的 1–2 個錯誤是什麼？你要怎麼避免？
5. 如果面試官問你今天的設計決策，你會如何用 1 分鐘講出『問題 → 方案 → 取捨』？",請用白話向一位 junior 解釋：為什麼「Redux Toolkit slice 設計」不能只追求能動，而要同時考慮可維護性？請順便用「建立 authSlice、uiSlice，整理 actions / selectors」舉例。,EduFlow 完成「建立 authSlice、uiSlice，整理 actions / selectors」的最小可交付版本，並補一段可面試口說的設計說明。,2–3 小時,複習節奏：D+1 看 Day 9 卡片；D+7 回顧本日主題；D+21 加入反例與踩雷,此版本依前面已整理出的 60 天主線延伸；若要逐字對齊原始 plans.txt，需重新上傳原檔。
10,Week 2,狀態管理與資料流（Redux Toolkit / RTK Query）,非同步流程與 createAsyncThunk,把「非同步流程與 createAsyncThunk」從概念變成可交付成果，並能用面試可理解的方式解釋設計取捨。,"1. 主動回憶 10–15 分鐘：先不看資料，口頭回答今天主題的 5 題問題
2. 主題學習 25–35 分鐘：聚焦「非同步流程與 createAsyncThunk」的原理與常見 trade-off
3. 交錯實作 60–90 分鐘：在 EduFlow 中完成「實作登入與取得使用者資訊的 thunk 流程」
4. 費曼輸出 15 分鐘：用 150–250 字解釋今天的設計決策與踩雷點
5. 間隔複習 10 分鐘：回顧前 1 天 / 7 天的卡片與舊功能",功能切片：實作登入與取得使用者資訊的 thunk 流程；驗收重點：頁面可操作、命名一致、狀態明確、可被後續測試/重構。,"1. 「非同步流程與 createAsyncThunk」主要在解決什麼問題？如果不處理，狀態管理與資料流（Redux Toolkit / RTK Query） 會出現什麼維護成本？
2. 針對「實作登入與取得使用者資訊的 thunk 流程」，你至少要做哪 2 個設計取捨？為什麼？
3. 在 EduFlow 裡，今天這個主題最適合落在哪個頁面或元件？原因是什麼？
4. 新手在做「非同步流程與 createAsyncThunk」時最常犯的 1–2 個錯誤是什麼？你要怎麼避免？
5. 如果面試官問你今天的設計決策，你會如何用 1 分鐘講出『問題 → 方案 → 取捨』？",請用白話向一位 junior 解釋：為什麼「非同步流程與 createAsyncThunk」不能只追求能動，而要同時考慮可維護性？請順便用「實作登入與取得使用者資訊的 thunk 流程」舉例。,EduFlow 完成「實作登入與取得使用者資訊的 thunk 流程」的最小可交付版本，並補一段可面試口說的設計說明。,2–3 小時,複習節奏：D+1 看 Day 10 卡片；D+7 回顧本日主題；D+21 加入反例與踩雷,此版本依前面已整理出的 60 天主線延伸；若要逐字對齊原始 plans.txt，需重新上傳原檔。
11,Week 2,狀態管理與資料流（Redux Toolkit / RTK Query）,RTK Query 基礎查詢,把「RTK Query 基礎查詢」從概念變成可交付成果，並能用面試可理解的方式解釋設計取捨。,"1. 主動回憶 10–15 分鐘：先不看資料，口頭回答今天主題的 5 題問題
2. 主題學習 25–35 分鐘：聚焦「RTK Query 基礎查詢」的原理與常見 trade-off
3. 交錯實作 60–90 分鐘：在 EduFlow 中完成「建立 coursesApi，完成 list/detail 查詢」
4. 費曼輸出 15 分鐘：用 150–250 字解釋今天的設計決策與踩雷點
5. 間隔複習 10 分鐘：回顧前 1 天 / 7 天的卡片與舊功能",功能切片：建立 coursesApi，完成 list/detail 查詢；驗收重點：頁面可操作、命名一致、狀態明確、可被後續測試/重構。,"1. 「RTK Query 基礎查詢」主要在解決什麼問題？如果不處理，狀態管理與資料流（Redux Toolkit / RTK Query） 會出現什麼維護成本？
2. 針對「建立 coursesApi，完成 list/detail 查詢」，你至少要做哪 2 個設計取捨？為什麼？
3. 在 EduFlow 裡，今天這個主題最適合落在哪個頁面或元件？原因是什麼？
4. 新手在做「RTK Query 基礎查詢」時最常犯的 1–2 個錯誤是什麼？你要怎麼避免？
5. 如果面試官問你今天的設計決策，你會如何用 1 分鐘講出『問題 → 方案 → 取捨』？",請用白話向一位 junior 解釋：為什麼「RTK Query 基礎查詢」不能只追求能動，而要同時考慮可維護性？請順便用「建立 coursesApi，完成 list/detail 查詢」舉例。,EduFlow 完成「建立 coursesApi，完成 list/detail 查詢」的最小可交付版本，並補一段可面試口說的設計說明。,2–3 小時,複習節奏：D+1 看 Day 11 卡片；D+7 回顧本日主題；D+21 加入反例與踩雷,此版本依前面已整理出的 60 天主線延伸；若要逐字對齊原始 plans.txt，需重新上傳原檔。
12,Week 2,狀態管理與資料流（Redux Toolkit / RTK Query）,快取與 invalidation,把「快取與 invalidation」從概念變成可交付成果，並能用面試可理解的方式解釋設計取捨。,"1. 主動回憶 10–15 分鐘：先不看資料，口頭回答今天主題的 5 題問題
2. 主題學習 25–35 分鐘：聚焦「快取與 invalidation」的原理與常見 trade-off
3. 交錯實作 60–90 分鐘：在 EduFlow 中完成「設計 create/update course 後的 cache invalidation 規則」
4. 費曼輸出 15 分鐘：用 150–250 字解釋今天的設計決策與踩雷點
5. 間隔複習 10 分鐘：回顧前 1 天 / 7 天的卡片與舊功能",功能切片：設計 create/update course 後的 cache invalidation 規則；驗收重點：頁面可操作、命名一致、狀態明確、可被後續測試/重構。,"1. 「快取與 invalidation」主要在解決什麼問題？如果不處理，狀態管理與資料流（Redux Toolkit / RTK Query） 會出現什麼維護成本？
2. 針對「設計 create/update course 後的 cache invalidation 規則」，你至少要做哪 2 個設計取捨？為什麼？
3. 在 EduFlow 裡，今天這個主題最適合落在哪個頁面或元件？原因是什麼？
4. 新手在做「快取與 invalidation」時最常犯的 1–2 個錯誤是什麼？你要怎麼避免？
5. 如果面試官問你今天的設計決策，你會如何用 1 分鐘講出『問題 → 方案 → 取捨』？",請用白話向一位 junior 解釋：為什麼「快取與 invalidation」不能只追求能動，而要同時考慮可維護性？請順便用「設計 create/update course 後的 cache invalidation 規則」舉例。,EduFlow 完成「設計 create/update course 後的 cache invalidation 規則」的最小可交付版本，並補一段可面試口說的設計說明。,2–3 小時,複習節奏：D+1 看 Day 12 卡片；D+7 回顧本日主題；D+21 加入反例與踩雷,此版本依前面已整理出的 60 天主線延伸；若要逐字對齊原始 plans.txt，需重新上傳原檔。
13,Week 2,狀態管理與資料流（Redux Toolkit / RTK Query）,Optimistic update 與 rollback,把「Optimistic update 與 rollback」從概念變成可交付成果，並能用面試可理解的方式解釋設計取捨。,"1. 主動回憶 10–15 分鐘：先不看資料，口頭回答今天主題的 5 題問題
2. 主題學習 25–35 分鐘：聚焦「Optimistic update 與 rollback」的原理與常見 trade-off
3. 交錯實作 60–90 分鐘：在 EduFlow 中完成「完成課程標題快速修改，失敗時回滾」
4. 費曼輸出 15 分鐘：用 150–250 字解釋今天的設計決策與踩雷點
5. 間隔複習 10 分鐘：回顧前 1 天 / 7 天的卡片與舊功能",功能切片：完成課程標題快速修改，失敗時回滾；驗收重點：頁面可操作、命名一致、狀態明確、可被後續測試/重構。,"1. 「Optimistic update 與 rollback」主要在解決什麼問題？如果不處理，狀態管理與資料流（Redux Toolkit / RTK Query） 會出現什麼維護成本？
2. 針對「完成課程標題快速修改，失敗時回滾」，你至少要做哪 2 個設計取捨？為什麼？
3. 在 EduFlow 裡，今天這個主題最適合落在哪個頁面或元件？原因是什麼？
4. 新手在做「Optimistic update 與 rollback」時最常犯的 1–2 個錯誤是什麼？你要怎麼避免？
5. 如果面試官問你今天的設計決策，你會如何用 1 分鐘講出『問題 → 方案 → 取捨』？",請用白話向一位 junior 解釋：為什麼「Optimistic update 與 rollback」不能只追求能動，而要同時考慮可維護性？請順便用「完成課程標題快速修改，失敗時回滾」舉例。,EduFlow 完成「完成課程標題快速修改，失敗時回滾」的最小可交付版本，並補一段可面試口說的設計說明。,2–3 小時,複習節奏：D+1 看 Day 13 卡片；D+7 回顧本日主題；D+21 加入反例與踩雷,此版本依前面已整理出的 60 天主線延伸；若要逐字對齊原始 plans.txt，需重新上傳原檔。
14,Week 2,狀態管理與資料流（Redux Toolkit / RTK Query）,Week 2 收斂與狀態決策文件,把「Week 2 收斂與狀態決策文件」從概念變成可交付成果，並能用面試可理解的方式解釋設計取捨。,"1. 主動回憶 10–15 分鐘：先不看資料，口頭回答今天主題的 5 題問題
2. 主題學習 25–35 分鐘：聚焦「Week 2 收斂與狀態決策文件」的原理與常見 trade-off
3. 交錯實作 60–90 分鐘：在 EduFlow 中完成「整理 state decision doc、比較 local state vs RTKQ 取捨」
4. 費曼輸出 15 分鐘：用 150–250 字解釋今天的設計決策與踩雷點
5. 間隔複習 10 分鐘：回顧前 1 天 / 7 天的卡片與舊功能",功能切片：整理 state decision doc、比較 local state vs RTKQ 取捨；驗收重點：頁面可操作、命名一致、狀態明確、可被後續測試/重構。,"1. 「Week 2 收斂與狀態決策文件」主要在解決什麼問題？如果不處理，狀態管理與資料流（Redux Toolkit / RTK Query） 會出現什麼維護成本？
2. 針對「整理 state decision doc、比較 local state vs RTKQ 取捨」，你至少要做哪 2 個設計取捨？為什麼？
3. 在 EduFlow 裡，今天這個主題最適合落在哪個頁面或元件？原因是什麼？
4. 新手在做「Week 2 收斂與狀態決策文件」時最常犯的 1–2 個錯誤是什麼？你要怎麼避免？
5. 如果面試官問你今天的設計決策，你會如何用 1 分鐘講出『問題 → 方案 → 取捨』？",請用白話向一位 junior 解釋：為什麼「Week 2 收斂與狀態決策文件」不能只追求能動，而要同時考慮可維護性？請順便用「整理 state decision doc、比較 local state vs RTKQ 取捨」舉例。,EduFlow 完成「整理 state decision doc、比較 local state vs RTKQ 取捨」的最小可交付版本，並補一段可面試口說的設計說明。,4–6 小時（週收斂）,複習節奏：D+1 看 Day 14 卡片；D+7 回顧本日主題；D+21 加入反例與踩雷,此版本依前面已整理出的 60 天主線延伸；若要逐字對齊原始 plans.txt，需重新上傳原檔。
15,Week 3,元件架構 + Design System + 可重用性,Primitive 與 feature component 分層,把「Primitive 與 feature component 分層」從概念變成可交付成果，並能用面試可理解的方式解釋設計取捨。,"1. 主動回憶 10–15 分鐘：先不看資料，口頭回答今天主題的 5 題問題
2. 主題學習 25–35 分鐘：聚焦「Primitive 與 feature component 分層」的原理與常見 trade-off
3. 交錯實作 60–90 分鐘：在 EduFlow 中完成「定義 ui primitives / shared / feature components 邊界」
4. 費曼輸出 15 分鐘：用 150–250 字解釋今天的設計決策與踩雷點
5. 間隔複習 10 分鐘：回顧前 1 天 / 7 天的卡片與舊功能",功能切片：定義 ui primitives / shared / feature components 邊界；驗收重點：頁面可操作、命名一致、狀態明確、可被後續測試/重構。,"1. 「Primitive 與 feature component 分層」主要在解決什麼問題？如果不處理，元件架構 + Design System + 可重用性 會出現什麼維護成本？
2. 針對「定義 ui primitives / shared / feature components 邊界」，你至少要做哪 2 個設計取捨？為什麼？
3. 在 EduFlow 裡，今天這個主題最適合落在哪個頁面或元件？原因是什麼？
4. 新手在做「Primitive 與 feature component 分層」時最常犯的 1–2 個錯誤是什麼？你要怎麼避免？
5. 如果面試官問你今天的設計決策，你會如何用 1 分鐘講出『問題 → 方案 → 取捨』？",請用白話向一位 junior 解釋：為什麼「Primitive 與 feature component 分層」不能只追求能動，而要同時考慮可維護性？請順便用「定義 ui primitives / shared / feature components 邊界」舉例。,EduFlow 完成「定義 ui primitives / shared / feature components 邊界」的最小可交付版本，並補一段可面試口說的設計說明。,2–3 小時,複習節奏：D+1 看 Day 15 卡片；D+7 回顧本日主題；D+21 加入反例與踩雷,此版本依前面已整理出的 60 天主線延伸；若要逐字對齊原始 plans.txt，需重新上傳原檔。
16,Week 3,元件架構 + Design System + 可重用性,Button / Input / Select 規格化,把「Button / Input / Select 規格化」從概念變成可交付成果，並能用面試可理解的方式解釋設計取捨。,"1. 主動回憶 10–15 分鐘：先不看資料，口頭回答今天主題的 5 題問題
2. 主題學習 25–35 分鐘：聚焦「Button / Input / Select 規格化」的原理與常見 trade-off
3. 交錯實作 60–90 分鐘：在 EduFlow 中完成「補 disabled/loading/error/help text 等行為一致性」
4. 費曼輸出 15 分鐘：用 150–250 字解釋今天的設計決策與踩雷點
5. 間隔複習 10 分鐘：回顧前 1 天 / 7 天的卡片與舊功能",功能切片：補 disabled/loading/error/help text 等行為一致性；驗收重點：頁面可操作、命名一致、狀態明確、可被後續測試/重構。,"1. 「Button / Input / Select 規格化」主要在解決什麼問題？如果不處理，元件架構 + Design System + 可重用性 會出現什麼維護成本？
2. 針對「補 disabled/loading/error/help text 等行為一致性」，你至少要做哪 2 個設計取捨？為什麼？
3. 在 EduFlow 裡，今天這個主題最適合落在哪個頁面或元件？原因是什麼？
4. 新手在做「Button / Input / Select 規格化」時最常犯的 1–2 個錯誤是什麼？你要怎麼避免？
5. 如果面試官問你今天的設計決策，你會如何用 1 分鐘講出『問題 → 方案 → 取捨』？",請用白話向一位 junior 解釋：為什麼「Button / Input / Select 規格化」不能只追求能動，而要同時考慮可維護性？請順便用「補 disabled/loading/error/help text 等行為一致性」舉例。,EduFlow 完成「補 disabled/loading/error/help text 等行為一致性」的最小可交付版本，並補一段可面試口說的設計說明。,2–3 小時,複習節奏：D+1 看 Day 16 卡片；D+7 回顧本日主題；D+21 加入反例與踩雷,此版本依前面已整理出的 60 天主線延伸；若要逐字對齊原始 plans.txt，需重新上傳原檔。
17,Week 3,元件架構 + Design System + 可重用性,Modal / Drawer / Toast 互動模式,把「Modal / Drawer / Toast 互動模式」從概念變成可交付成果，並能用面試可理解的方式解釋設計取捨。,"1. 主動回憶 10–15 分鐘：先不看資料，口頭回答今天主題的 5 題問題
2. 主題學習 25–35 分鐘：聚焦「Modal / Drawer / Toast 互動模式」的原理與常見 trade-off
3. 交錯實作 60–90 分鐘：在 EduFlow 中完成「建立 overlay 元件與關閉規則」
4. 費曼輸出 15 分鐘：用 150–250 字解釋今天的設計決策與踩雷點
5. 間隔複習 10 分鐘：回顧前 1 天 / 7 天的卡片與舊功能",功能切片：建立 overlay 元件與關閉規則；驗收重點：頁面可操作、命名一致、狀態明確、可被後續測試/重構。,"1. 「Modal / Drawer / Toast 互動模式」主要在解決什麼問題？如果不處理，元件架構 + Design System + 可重用性 會出現什麼維護成本？
2. 針對「建立 overlay 元件與關閉規則」，你至少要做哪 2 個設計取捨？為什麼？
3. 在 EduFlow 裡，今天這個主題最適合落在哪個頁面或元件？原因是什麼？
4. 新手在做「Modal / Drawer / Toast 互動模式」時最常犯的 1–2 個錯誤是什麼？你要怎麼避免？
5. 如果面試官問你今天的設計決策，你會如何用 1 分鐘講出『問題 → 方案 → 取捨』？",請用白話向一位 junior 解釋：為什麼「Modal / Drawer / Toast 互動模式」不能只追求能動，而要同時考慮可維護性？請順便用「建立 overlay 元件與關閉規則」舉例。,EduFlow 完成「建立 overlay 元件與關閉規則」的最小可交付版本，並補一段可面試口說的設計說明。,2–3 小時,複習節奏：D+1 看 Day 17 卡片；D+7 回顧本日主題；D+21 加入反例與踩雷,此版本依前面已整理出的 60 天主線延伸；若要逐字對齊原始 plans.txt，需重新上傳原檔。
18,Week 3,元件架構 + Design System + 可重用性,Table 與資料展示模式,把「Table 與資料展示模式」從概念變成可交付成果，並能用面試可理解的方式解釋設計取捨。,"1. 主動回憶 10–15 分鐘：先不看資料，口頭回答今天主題的 5 題問題
2. 主題學習 25–35 分鐘：聚焦「Table 與資料展示模式」的原理與常見 trade-off
3. 交錯實作 60–90 分鐘：在 EduFlow 中完成「做 sortable/paginated table 雛型」
4. 費曼輸出 15 分鐘：用 150–250 字解釋今天的設計決策與踩雷點
5. 間隔複習 10 分鐘：回顧前 1 天 / 7 天的卡片與舊功能",功能切片：做 sortable/paginated table 雛型；驗收重點：頁面可操作、命名一致、狀態明確、可被後續測試/重構。,"1. 「Table 與資料展示模式」主要在解決什麼問題？如果不處理，元件架構 + Design System + 可重用性 會出現什麼維護成本？
2. 針對「做 sortable/paginated table 雛型」，你至少要做哪 2 個設計取捨？為什麼？
3. 在 EduFlow 裡，今天這個主題最適合落在哪個頁面或元件？原因是什麼？
4. 新手在做「Table 與資料展示模式」時最常犯的 1–2 個錯誤是什麼？你要怎麼避免？
5. 如果面試官問你今天的設計決策，你會如何用 1 分鐘講出『問題 → 方案 → 取捨』？",請用白話向一位 junior 解釋：為什麼「Table 與資料展示模式」不能只追求能動，而要同時考慮可維護性？請順便用「做 sortable/paginated table 雛型」舉例。,EduFlow 完成「做 sortable/paginated table 雛型」的最小可交付版本，並補一段可面試口說的設計說明。,2–3 小時,複習節奏：D+1 看 Day 18 卡片；D+7 回顧本日主題；D+21 加入反例與踩雷,此版本依前面已整理出的 60 天主線延伸；若要逐字對齊原始 plans.txt，需重新上傳原檔。
19,Week 3,元件架構 + Design System + 可重用性,Form pattern 與欄位抽象,把「Form pattern 與欄位抽象」從概念變成可交付成果，並能用面試可理解的方式解釋設計取捨。,"1. 主動回憶 10–15 分鐘：先不看資料，口頭回答今天主題的 5 題問題
2. 主題學習 25–35 分鐘：聚焦「Form pattern 與欄位抽象」的原理與常見 trade-off
3. 交錯實作 60–90 分鐘：在 EduFlow 中完成「抽 FormField、ErrorMessage、FieldGroup」
4. 費曼輸出 15 分鐘：用 150–250 字解釋今天的設計決策與踩雷點
5. 間隔複習 10 分鐘：回顧前 1 天 / 7 天的卡片與舊功能",功能切片：抽 FormField、ErrorMessage、FieldGroup；驗收重點：頁面可操作、命名一致、狀態明確、可被後續測試/重構。,"1. 「Form pattern 與欄位抽象」主要在解決什麼問題？如果不處理，元件架構 + Design System + 可重用性 會出現什麼維護成本？
2. 針對「抽 FormField、ErrorMessage、FieldGroup」，你至少要做哪 2 個設計取捨？為什麼？
3. 在 EduFlow 裡，今天這個主題最適合落在哪個頁面或元件？原因是什麼？
4. 新手在做「Form pattern 與欄位抽象」時最常犯的 1–2 個錯誤是什麼？你要怎麼避免？
5. 如果面試官問你今天的設計決策，你會如何用 1 分鐘講出『問題 → 方案 → 取捨』？",請用白話向一位 junior 解釋：為什麼「Form pattern 與欄位抽象」不能只追求能動，而要同時考慮可維護性？請順便用「抽 FormField、ErrorMessage、FieldGroup」舉例。,EduFlow 完成「抽 FormField、ErrorMessage、FieldGroup」的最小可交付版本，並補一段可面試口說的設計說明。,2–3 小時,複習節奏：D+1 看 Day 19 卡片；D+7 回顧本日主題；D+21 加入反例與踩雷,此版本依前面已整理出的 60 天主線延伸；若要逐字對齊原始 plans.txt，需重新上傳原檔。
20,Week 3,元件架構 + Design System + 可重用性,A11y 與鍵盤操作,把「A11y 與鍵盤操作」從概念變成可交付成果，並能用面試可理解的方式解釋設計取捨。,"1. 主動回憶 10–15 分鐘：先不看資料，口頭回答今天主題的 5 題問題
2. 主題學習 25–35 分鐘：聚焦「A11y 與鍵盤操作」的原理與常見 trade-off
3. 交錯實作 60–90 分鐘：在 EduFlow 中完成「補 aria / focus trap / keyboard navigation」
4. 費曼輸出 15 分鐘：用 150–250 字解釋今天的設計決策與踩雷點
5. 間隔複習 10 分鐘：回顧前 1 天 / 7 天的卡片與舊功能",功能切片：補 aria / focus trap / keyboard navigation；驗收重點：頁面可操作、命名一致、狀態明確、可被後續測試/重構。,"1. 「A11y 與鍵盤操作」主要在解決什麼問題？如果不處理，元件架構 + Design System + 可重用性 會出現什麼維護成本？
2. 針對「補 aria / focus trap / keyboard navigation」，你至少要做哪 2 個設計取捨？為什麼？
3. 在 EduFlow 裡，今天這個主題最適合落在哪個頁面或元件？原因是什麼？
4. 新手在做「A11y 與鍵盤操作」時最常犯的 1–2 個錯誤是什麼？你要怎麼避免？
5. 如果面試官問你今天的設計決策，你會如何用 1 分鐘講出『問題 → 方案 → 取捨』？",請用白話向一位 junior 解釋：為什麼「A11y 與鍵盤操作」不能只追求能動，而要同時考慮可維護性？請順便用「補 aria / focus trap / keyboard navigation」舉例。,EduFlow 完成「補 aria / focus trap / keyboard navigation」的最小可交付版本，並補一段可面試口說的設計說明。,2–3 小時,複習節奏：D+1 看 Day 20 卡片；D+7 回顧本日主題；D+21 加入反例與踩雷,此版本依前面已整理出的 60 天主線延伸；若要逐字對齊原始 plans.txt，需重新上傳原檔。
21,Week 3,元件架構 + Design System + 可重用性,Week 3 收斂與元件 API 準則,把「Week 3 收斂與元件 API 準則」從概念變成可交付成果，並能用面試可理解的方式解釋設計取捨。,"1. 主動回憶 10–15 分鐘：先不看資料，口頭回答今天主題的 5 題問題
2. 主題學習 25–35 分鐘：聚焦「Week 3 收斂與元件 API 準則」的原理與常見 trade-off
3. 交錯實作 60–90 分鐘：在 EduFlow 中完成「整理 component API guidelines + 範例頁」
4. 費曼輸出 15 分鐘：用 150–250 字解釋今天的設計決策與踩雷點
5. 間隔複習 10 分鐘：回顧前 1 天 / 7 天的卡片與舊功能",功能切片：整理 component API guidelines + 範例頁；驗收重點：頁面可操作、命名一致、狀態明確、可被後續測試/重構。,"1. 「Week 3 收斂與元件 API 準則」主要在解決什麼問題？如果不處理，元件架構 + Design System + 可重用性 會出現什麼維護成本？
2. 針對「整理 component API guidelines + 範例頁」，你至少要做哪 2 個設計取捨？為什麼？
3. 在 EduFlow 裡，今天這個主題最適合落在哪個頁面或元件？原因是什麼？
4. 新手在做「Week 3 收斂與元件 API 準則」時最常犯的 1–2 個錯誤是什麼？你要怎麼避免？
5. 如果面試官問你今天的設計決策，你會如何用 1 分鐘講出『問題 → 方案 → 取捨』？",請用白話向一位 junior 解釋：為什麼「Week 3 收斂與元件 API 準則」不能只追求能動，而要同時考慮可維護性？請順便用「整理 component API guidelines + 範例頁」舉例。,EduFlow 完成「整理 component API guidelines + 範例頁」的最小可交付版本，並補一段可面試口說的設計說明。,4–6 小時（週收斂）,複習節奏：D+1 看 Day 21 卡片；D+7 回顧本日主題；D+21 加入反例與踩雷,此版本依前面已整理出的 60 天主線延伸；若要逐字對齊原始 plans.txt，需重新上傳原檔。
22,Week 4,Next.js SSR / ISR / CSR + 路由與 SEO,App Router 與 server/client component 邊界,把「App Router 與 server/client component 邊界」從概念變成可交付成果，並能用面試可理解的方式解釋設計取捨。,"1. 主動回憶 10–15 分鐘：先不看資料，口頭回答今天主題的 5 題問題
2. 主題學習 25–35 分鐘：聚焦「App Router 與 server/client component 邊界」的原理與常見 trade-off
3. 交錯實作 60–90 分鐘：在 EduFlow 中完成「決定哪些頁面由 server component 主導」
4. 費曼輸出 15 分鐘：用 150–250 字解釋今天的設計決策與踩雷點
5. 間隔複習 10 分鐘：回顧前 1 天 / 7 天的卡片與舊功能",功能切片：決定哪些頁面由 server component 主導；驗收重點：頁面可操作、命名一致、狀態明確、可被後續測試/重構。,"1. 「App Router 與 server/client component 邊界」主要在解決什麼問題？如果不處理，Next.js SSR / ISR / CSR + 路由與 SEO 會出現什麼維護成本？
2. 針對「決定哪些頁面由 server component 主導」，你至少要做哪 2 個設計取捨？為什麼？
3. 在 EduFlow 裡，今天這個主題最適合落在哪個頁面或元件？原因是什麼？
4. 新手在做「App Router 與 server/client component 邊界」時最常犯的 1–2 個錯誤是什麼？你要怎麼避免？
5. 如果面試官問你今天的設計決策，你會如何用 1 分鐘講出『問題 → 方案 → 取捨』？",請用白話向一位 junior 解釋：為什麼「App Router 與 server/client component 邊界」不能只追求能動，而要同時考慮可維護性？請順便用「決定哪些頁面由 server component 主導」舉例。,EduFlow 完成「決定哪些頁面由 server component 主導」的最小可交付版本，並補一段可面試口說的設計說明。,2–3 小時,複習節奏：D+1 看 Day 22 卡片；D+7 回顧本日主題；D+21 加入反例與踩雷,此版本依前面已整理出的 60 天主線延伸；若要逐字對齊原始 plans.txt，需重新上傳原檔。
23,Week 4,Next.js SSR / ISR / CSR + 路由與 SEO,SSR 頁面設計,把「SSR 頁面設計」從概念變成可交付成果，並能用面試可理解的方式解釋設計取捨。,"1. 主動回憶 10–15 分鐘：先不看資料，口頭回答今天主題的 5 題問題
2. 主題學習 25–35 分鐘：聚焦「SSR 頁面設計」的原理與常見 trade-off
3. 交錯實作 60–90 分鐘：在 EduFlow 中完成「讓 course detail 改為 SSR 取得資料」
4. 費曼輸出 15 分鐘：用 150–250 字解釋今天的設計決策與踩雷點
5. 間隔複習 10 分鐘：回顧前 1 天 / 7 天的卡片與舊功能",功能切片：讓 course detail 改為 SSR 取得資料；驗收重點：頁面可操作、命名一致、狀態明確、可被後續測試/重構。,"1. 「SSR 頁面設計」主要在解決什麼問題？如果不處理，Next.js SSR / ISR / CSR + 路由與 SEO 會出現什麼維護成本？
2. 針對「讓 course detail 改為 SSR 取得資料」，你至少要做哪 2 個設計取捨？為什麼？
3. 在 EduFlow 裡，今天這個主題最適合落在哪個頁面或元件？原因是什麼？
4. 新手在做「SSR 頁面設計」時最常犯的 1–2 個錯誤是什麼？你要怎麼避免？
5. 如果面試官問你今天的設計決策，你會如何用 1 分鐘講出『問題 → 方案 → 取捨』？",請用白話向一位 junior 解釋：為什麼「SSR 頁面設計」不能只追求能動，而要同時考慮可維護性？請順便用「讓 course detail 改為 SSR 取得資料」舉例。,EduFlow 完成「讓 course detail 改為 SSR 取得資料」的最小可交付版本，並補一段可面試口說的設計說明。,2–3 小時,複習節奏：D+1 看 Day 23 卡片；D+7 回顧本日主題；D+21 加入反例與踩雷,此版本依前面已整理出的 60 天主線延伸；若要逐字對齊原始 plans.txt，需重新上傳原檔。
24,Week 4,Next.js SSR / ISR / CSR + 路由與 SEO,ISR 與 revalidate 策略,把「ISR 與 revalidate 策略」從概念變成可交付成果，並能用面試可理解的方式解釋設計取捨。,"1. 主動回憶 10–15 分鐘：先不看資料，口頭回答今天主題的 5 題問題
2. 主題學習 25–35 分鐘：聚焦「ISR 與 revalidate 策略」的原理與常見 trade-off
3. 交錯實作 60–90 分鐘：在 EduFlow 中完成「讓 public course catalog 使用 ISR」
4. 費曼輸出 15 分鐘：用 150–250 字解釋今天的設計決策與踩雷點
5. 間隔複習 10 分鐘：回顧前 1 天 / 7 天的卡片與舊功能",功能切片：讓 public course catalog 使用 ISR；驗收重點：頁面可操作、命名一致、狀態明確、可被後續測試/重構。,"1. 「ISR 與 revalidate 策略」主要在解決什麼問題？如果不處理，Next.js SSR / ISR / CSR + 路由與 SEO 會出現什麼維護成本？
2. 針對「讓 public course catalog 使用 ISR」，你至少要做哪 2 個設計取捨？為什麼？
3. 在 EduFlow 裡，今天這個主題最適合落在哪個頁面或元件？原因是什麼？
4. 新手在做「ISR 與 revalidate 策略」時最常犯的 1–2 個錯誤是什麼？你要怎麼避免？
5. 如果面試官問你今天的設計決策，你會如何用 1 分鐘講出『問題 → 方案 → 取捨』？",請用白話向一位 junior 解釋：為什麼「ISR 與 revalidate 策略」不能只追求能動，而要同時考慮可維護性？請順便用「讓 public course catalog 使用 ISR」舉例。,EduFlow 完成「讓 public course catalog 使用 ISR」的最小可交付版本，並補一段可面試口說的設計說明。,2–3 小時,複習節奏：D+1 看 Day 24 卡片；D+7 回顧本日主題；D+21 加入反例與踩雷,此版本依前面已整理出的 60 天主線延伸；若要逐字對齊原始 plans.txt，需重新上傳原檔。
25,Week 4,Next.js SSR / ISR / CSR + 路由與 SEO,CSR 適用情境,把「CSR 適用情境」從概念變成可交付成果，並能用面試可理解的方式解釋設計取捨。,"1. 主動回憶 10–15 分鐘：先不看資料，口頭回答今天主題的 5 題問題
2. 主題學習 25–35 分鐘：聚焦「CSR 適用情境」的原理與常見 trade-off
3. 交錯實作 60–90 分鐘：在 EduFlow 中完成「把 dashboard filters / search 保持在 client side」
4. 費曼輸出 15 分鐘：用 150–250 字解釋今天的設計決策與踩雷點
5. 間隔複習 10 分鐘：回顧前 1 天 / 7 天的卡片與舊功能",功能切片：把 dashboard filters / search 保持在 client side；驗收重點：頁面可操作、命名一致、狀態明確、可被後續測試/重構。,"1. 「CSR 適用情境」主要在解決什麼問題？如果不處理，Next.js SSR / ISR / CSR + 路由與 SEO 會出現什麼維護成本？
2. 針對「把 dashboard filters / search 保持在 client side」，你至少要做哪 2 個設計取捨？為什麼？
3. 在 EduFlow 裡，今天這個主題最適合落在哪個頁面或元件？原因是什麼？
4. 新手在做「CSR 適用情境」時最常犯的 1–2 個錯誤是什麼？你要怎麼避免？
5. 如果面試官問你今天的設計決策，你會如何用 1 分鐘講出『問題 → 方案 → 取捨』？",請用白話向一位 junior 解釋：為什麼「CSR 適用情境」不能只追求能動，而要同時考慮可維護性？請順便用「把 dashboard filters / search 保持在 client side」舉例。,EduFlow 完成「把 dashboard filters / search 保持在 client side」的最小可交付版本，並補一段可面試口說的設計說明。,2–3 小時,複習節奏：D+1 看 Day 25 卡片；D+7 回顧本日主題；D+21 加入反例與踩雷,此版本依前面已整理出的 60 天主線延伸；若要逐字對齊原始 plans.txt，需重新上傳原檔。
26,Week 4,Next.js SSR / ISR / CSR + 路由與 SEO,Metadata / OG / SEO basics,把「Metadata / OG / SEO basics」從概念變成可交付成果，並能用面試可理解的方式解釋設計取捨。,"1. 主動回憶 10–15 分鐘：先不看資料，口頭回答今天主題的 5 題問題
2. 主題學習 25–35 分鐘：聚焦「Metadata / OG / SEO basics」的原理與常見 trade-off
3. 交錯實作 60–90 分鐘：在 EduFlow 中完成「補 title/description/open graph」
4. 費曼輸出 15 分鐘：用 150–250 字解釋今天的設計決策與踩雷點
5. 間隔複習 10 分鐘：回顧前 1 天 / 7 天的卡片與舊功能",功能切片：補 title/description/open graph；驗收重點：頁面可操作、命名一致、狀態明確、可被後續測試/重構。,"1. 「Metadata / OG / SEO basics」主要在解決什麼問題？如果不處理，Next.js SSR / ISR / CSR + 路由與 SEO 會出現什麼維護成本？
2. 針對「補 title/description/open graph」，你至少要做哪 2 個設計取捨？為什麼？
3. 在 EduFlow 裡，今天這個主題最適合落在哪個頁面或元件？原因是什麼？
4. 新手在做「Metadata / OG / SEO basics」時最常犯的 1–2 個錯誤是什麼？你要怎麼避免？
5. 如果面試官問你今天的設計決策，你會如何用 1 分鐘講出『問題 → 方案 → 取捨』？",請用白話向一位 junior 解釋：為什麼「Metadata / OG / SEO basics」不能只追求能動，而要同時考慮可維護性？請順便用「補 title/description/open graph」舉例。,EduFlow 完成「補 title/description/open graph」的最小可交付版本，並補一段可面試口說的設計說明。,2–3 小時,複習節奏：D+1 看 Day 26 卡片；D+7 回顧本日主題；D+21 加入反例與踩雷,此版本依前面已整理出的 60 天主線延伸；若要逐字對齊原始 plans.txt，需重新上傳原檔。
27,Week 4,Next.js SSR / ISR / CSR + 路由與 SEO,快取與資料一致性,把「快取與資料一致性」從概念變成可交付成果，並能用面試可理解的方式解釋設計取捨。,"1. 主動回憶 10–15 分鐘：先不看資料，口頭回答今天主題的 5 題問題
2. 主題學習 25–35 分鐘：聚焦「快取與資料一致性」的原理與常見 trade-off
3. 交錯實作 60–90 分鐘：在 EduFlow 中完成「盤點 ISR/SSR/RTKQ 之間的資料更新策略」
4. 費曼輸出 15 分鐘：用 150–250 字解釋今天的設計決策與踩雷點
5. 間隔複習 10 分鐘：回顧前 1 天 / 7 天的卡片與舊功能",功能切片：盤點 ISR/SSR/RTKQ 之間的資料更新策略；驗收重點：頁面可操作、命名一致、狀態明確、可被後續測試/重構。,"1. 「快取與資料一致性」主要在解決什麼問題？如果不處理，Next.js SSR / ISR / CSR + 路由與 SEO 會出現什麼維護成本？
2. 針對「盤點 ISR/SSR/RTKQ 之間的資料更新策略」，你至少要做哪 2 個設計取捨？為什麼？
3. 在 EduFlow 裡，今天這個主題最適合落在哪個頁面或元件？原因是什麼？
4. 新手在做「快取與資料一致性」時最常犯的 1–2 個錯誤是什麼？你要怎麼避免？
5. 如果面試官問你今天的設計決策，你會如何用 1 分鐘講出『問題 → 方案 → 取捨』？",請用白話向一位 junior 解釋：為什麼「快取與資料一致性」不能只追求能動，而要同時考慮可維護性？請順便用「盤點 ISR/SSR/RTKQ 之間的資料更新策略」舉例。,EduFlow 完成「盤點 ISR/SSR/RTKQ 之間的資料更新策略」的最小可交付版本，並補一段可面試口說的設計說明。,2–3 小時,複習節奏：D+1 看 Day 27 卡片；D+7 回顧本日主題；D+21 加入反例與踩雷,此版本依前面已整理出的 60 天主線延伸；若要逐字對齊原始 plans.txt，需重新上傳原檔。
28,Week 4,Next.js SSR / ISR / CSR + 路由與 SEO,Week 4 收斂與渲染策略指南,把「Week 4 收斂與渲染策略指南」從概念變成可交付成果，並能用面試可理解的方式解釋設計取捨。,"1. 主動回憶 10–15 分鐘：先不看資料，口頭回答今天主題的 5 題問題
2. 主題學習 25–35 分鐘：聚焦「Week 4 收斂與渲染策略指南」的原理與常見 trade-off
3. 交錯實作 60–90 分鐘：在 EduFlow 中完成「整理何時 SSR/ISR/CSR 的 decision guide」
4. 費曼輸出 15 分鐘：用 150–250 字解釋今天的設計決策與踩雷點
5. 間隔複習 10 分鐘：回顧前 1 天 / 7 天的卡片與舊功能",功能切片：整理何時 SSR/ISR/CSR 的 decision guide；驗收重點：頁面可操作、命名一致、狀態明確、可被後續測試/重構。,"1. 「Week 4 收斂與渲染策略指南」主要在解決什麼問題？如果不處理，Next.js SSR / ISR / CSR + 路由與 SEO 會出現什麼維護成本？
2. 針對「整理何時 SSR/ISR/CSR 的 decision guide」，你至少要做哪 2 個設計取捨？為什麼？
3. 在 EduFlow 裡，今天這個主題最適合落在哪個頁面或元件？原因是什麼？
4. 新手在做「Week 4 收斂與渲染策略指南」時最常犯的 1–2 個錯誤是什麼？你要怎麼避免？
5. 如果面試官問你今天的設計決策，你會如何用 1 分鐘講出『問題 → 方案 → 取捨』？",請用白話向一位 junior 解釋：為什麼「Week 4 收斂與渲染策略指南」不能只追求能動，而要同時考慮可維護性？請順便用「整理何時 SSR/ISR/CSR 的 decision guide」舉例。,EduFlow 完成「整理何時 SSR/ISR/CSR 的 decision guide」的最小可交付版本，並補一段可面試口說的設計說明。,4–6 小時（週收斂）,複習節奏：D+1 看 Day 28 卡片；D+7 回顧本日主題；D+21 加入反例與踩雷,此版本依前面已整理出的 60 天主線延伸；若要逐字對齊原始 plans.txt，需重新上傳原檔。
29,Week 5,測試（單元 / 整合 / E2E）+ Code Quality Gate,測試金字塔與風險路徑,把「測試金字塔與風險路徑」從概念變成可交付成果，並能用面試可理解的方式解釋設計取捨。,"1. 主動回憶 10–15 分鐘：先不看資料，口頭回答今天主題的 5 題問題
2. 主題學習 25–35 分鐘：聚焦「測試金字塔與風險路徑」的原理與常見 trade-off
3. 交錯實作 60–90 分鐘：在 EduFlow 中完成「盤點哪些元件與流程必測」
4. 費曼輸出 15 分鐘：用 150–250 字解釋今天的設計決策與踩雷點
5. 間隔複習 10 分鐘：回顧前 1 天 / 7 天的卡片與舊功能",功能切片：盤點哪些元件與流程必測；驗收重點：頁面可操作、命名一致、狀態明確、可被後續測試/重構。,"1. 「測試金字塔與風險路徑」主要在解決什麼問題？如果不處理，測試（單元 / 整合 / E2E）+ Code Quality Gate 會出現什麼維護成本？
2. 針對「盤點哪些元件與流程必測」，你至少要做哪 2 個設計取捨？為什麼？
3. 在 EduFlow 裡，今天這個主題最適合落在哪個頁面或元件？原因是什麼？
4. 新手在做「測試金字塔與風險路徑」時最常犯的 1–2 個錯誤是什麼？你要怎麼避免？
5. 如果面試官問你今天的設計決策，你會如何用 1 分鐘講出『問題 → 方案 → 取捨』？",請用白話向一位 junior 解釋：為什麼「測試金字塔與風險路徑」不能只追求能動，而要同時考慮可維護性？請順便用「盤點哪些元件與流程必測」舉例。,EduFlow 完成「盤點哪些元件與流程必測」的最小可交付版本，並補一段可面試口說的設計說明。,2–3 小時,複習節奏：D+1 看 Day 29 卡片；D+7 回顧本日主題；D+21 加入反例與踩雷,此版本依前面已整理出的 60 天主線延伸；若要逐字對齊原始 plans.txt，需重新上傳原檔。
30,Week 5,測試（單元 / 整合 / E2E）+ Code Quality Gate,Vitest / RTL 基礎,把「Vitest / RTL 基礎」從概念變成可交付成果，並能用面試可理解的方式解釋設計取捨。,"1. 主動回憶 10–15 分鐘：先不看資料，口頭回答今天主題的 5 題問題
2. 主題學習 25–35 分鐘：聚焦「Vitest / RTL 基礎」的原理與常見 trade-off
3. 交錯實作 60–90 分鐘：在 EduFlow 中完成「替 Button、LoginForm、CourseCard 補單元測試」
4. 費曼輸出 15 分鐘：用 150–250 字解釋今天的設計決策與踩雷點
5. 間隔複習 10 分鐘：回顧前 1 天 / 7 天的卡片與舊功能",功能切片：替 Button、LoginForm、CourseCard 補單元測試；驗收重點：頁面可操作、命名一致、狀態明確、可被後續測試/重構。,"1. 「Vitest / RTL 基礎」主要在解決什麼問題？如果不處理，測試（單元 / 整合 / E2E）+ Code Quality Gate 會出現什麼維護成本？
2. 針對「替 Button、LoginForm、CourseCard 補單元測試」，你至少要做哪 2 個設計取捨？為什麼？
3. 在 EduFlow 裡，今天這個主題最適合落在哪個頁面或元件？原因是什麼？
4. 新手在做「Vitest / RTL 基礎」時最常犯的 1–2 個錯誤是什麼？你要怎麼避免？
5. 如果面試官問你今天的設計決策，你會如何用 1 分鐘講出『問題 → 方案 → 取捨』？",請用白話向一位 junior 解釋：為什麼「Vitest / RTL 基礎」不能只追求能動，而要同時考慮可維護性？請順便用「替 Button、LoginForm、CourseCard 補單元測試」舉例。,EduFlow 完成「替 Button、LoginForm、CourseCard 補單元測試」的最小可交付版本，並補一段可面試口說的設計說明。,2–3 小時,複習節奏：D+1 看 Day 30 卡片；D+7 回顧本日主題；D+21 加入反例與踩雷,此版本依前面已整理出的 60 天主線延伸；若要逐字對齊原始 plans.txt，需重新上傳原檔。
31,Week 5,測試（單元 / 整合 / E2E）+ Code Quality Gate,整合測試與 MSW,把「整合測試與 MSW」從概念變成可交付成果，並能用面試可理解的方式解釋設計取捨。,"1. 主動回憶 10–15 分鐘：先不看資料，口頭回答今天主題的 5 題問題
2. 主題學習 25–35 分鐘：聚焦「整合測試與 MSW」的原理與常見 trade-off
3. 交錯實作 60–90 分鐘：在 EduFlow 中完成「模擬 API 回應測試登入與課程列表」
4. 費曼輸出 15 分鐘：用 150–250 字解釋今天的設計決策與踩雷點
5. 間隔複習 10 分鐘：回顧前 1 天 / 7 天的卡片與舊功能",功能切片：模擬 API 回應測試登入與課程列表；驗收重點：頁面可操作、命名一致、狀態明確、可被後續測試/重構。,"1. 「整合測試與 MSW」主要在解決什麼問題？如果不處理，測試（單元 / 整合 / E2E）+ Code Quality Gate 會出現什麼維護成本？
2. 針對「模擬 API 回應測試登入與課程列表」，你至少要做哪 2 個設計取捨？為什麼？
3. 在 EduFlow 裡，今天這個主題最適合落在哪個頁面或元件？原因是什麼？
4. 新手在做「整合測試與 MSW」時最常犯的 1–2 個錯誤是什麼？你要怎麼避免？
5. 如果面試官問你今天的設計決策，你會如何用 1 分鐘講出『問題 → 方案 → 取捨』？",請用白話向一位 junior 解釋：為什麼「整合測試與 MSW」不能只追求能動，而要同時考慮可維護性？請順便用「模擬 API 回應測試登入與課程列表」舉例。,EduFlow 完成「模擬 API 回應測試登入與課程列表」的最小可交付版本，並補一段可面試口說的設計說明。,2–3 小時,複習節奏：D+1 看 Day 31 卡片；D+7 回顧本日主題；D+21 加入反例與踩雷,此版本依前面已整理出的 60 天主線延伸；若要逐字對齊原始 plans.txt，需重新上傳原檔。
32,Week 5,測試（單元 / 整合 / E2E）+ Code Quality Gate,Playwright E2E 基礎,把「Playwright E2E 基礎」從概念變成可交付成果，並能用面試可理解的方式解釋設計取捨。,"1. 主動回憶 10–15 分鐘：先不看資料，口頭回答今天主題的 5 題問題
2. 主題學習 25–35 分鐘：聚焦「Playwright E2E 基礎」的原理與常見 trade-off
3. 交錯實作 60–90 分鐘：在 EduFlow 中完成「覆蓋登入→dashboard→課程列表流程」
4. 費曼輸出 15 分鐘：用 150–250 字解釋今天的設計決策與踩雷點
5. 間隔複習 10 分鐘：回顧前 1 天 / 7 天的卡片與舊功能",功能切片：覆蓋登入→dashboard→課程列表流程；驗收重點：頁面可操作、命名一致、狀態明確、可被後續測試/重構。,"1. 「Playwright E2E 基礎」主要在解決什麼問題？如果不處理，測試（單元 / 整合 / E2E）+ Code Quality Gate 會出現什麼維護成本？
2. 針對「覆蓋登入→dashboard→課程列表流程」，你至少要做哪 2 個設計取捨？為什麼？
3. 在 EduFlow 裡，今天這個主題最適合落在哪個頁面或元件？原因是什麼？
4. 新手在做「Playwright E2E 基礎」時最常犯的 1–2 個錯誤是什麼？你要怎麼避免？
5. 如果面試官問你今天的設計決策，你會如何用 1 分鐘講出『問題 → 方案 → 取捨』？",請用白話向一位 junior 解釋：為什麼「Playwright E2E 基礎」不能只追求能動，而要同時考慮可維護性？請順便用「覆蓋登入→dashboard→課程列表流程」舉例。,EduFlow 完成「覆蓋登入→dashboard→課程列表流程」的最小可交付版本，並補一段可面試口說的設計說明。,2–3 小時,複習節奏：D+1 看 Day 32 卡片；D+7 回顧本日主題；D+21 加入反例與踩雷,此版本依前面已整理出的 60 天主線延伸；若要逐字對齊原始 plans.txt，需重新上傳原檔。
33,Week 5,測試（單元 / 整合 / E2E）+ Code Quality Gate,檔案上傳與異常情境測試,把「檔案上傳與異常情境測試」從概念變成可交付成果，並能用面試可理解的方式解釋設計取捨。,"1. 主動回憶 10–15 分鐘：先不看資料，口頭回答今天主題的 5 題問題
2. 主題學習 25–35 分鐘：聚焦「檔案上傳與異常情境測試」的原理與常見 trade-off
3. 交錯實作 60–90 分鐘：在 EduFlow 中完成「測試教材上傳失敗/格式錯誤/重試」
4. 費曼輸出 15 分鐘：用 150–250 字解釋今天的設計決策與踩雷點
5. 間隔複習 10 分鐘：回顧前 1 天 / 7 天的卡片與舊功能",功能切片：測試教材上傳失敗/格式錯誤/重試；驗收重點：頁面可操作、命名一致、狀態明確、可被後續測試/重構。,"1. 「檔案上傳與異常情境測試」主要在解決什麼問題？如果不處理，測試（單元 / 整合 / E2E）+ Code Quality Gate 會出現什麼維護成本？
2. 針對「測試教材上傳失敗/格式錯誤/重試」，你至少要做哪 2 個設計取捨？為什麼？
3. 在 EduFlow 裡，今天這個主題最適合落在哪個頁面或元件？原因是什麼？
4. 新手在做「檔案上傳與異常情境測試」時最常犯的 1–2 個錯誤是什麼？你要怎麼避免？
5. 如果面試官問你今天的設計決策，你會如何用 1 分鐘講出『問題 → 方案 → 取捨』？",請用白話向一位 junior 解釋：為什麼「檔案上傳與異常情境測試」不能只追求能動，而要同時考慮可維護性？請順便用「測試教材上傳失敗/格式錯誤/重試」舉例。,EduFlow 完成「測試教材上傳失敗/格式錯誤/重試」的最小可交付版本，並補一段可面試口說的設計說明。,2–3 小時,複習節奏：D+1 看 Day 33 卡片；D+7 回顧本日主題；D+21 加入反例與踩雷,此版本依前面已整理出的 60 天主線延伸；若要逐字對齊原始 plans.txt，需重新上傳原檔。
34,Week 5,測試（單元 / 整合 / E2E）+ Code Quality Gate,品質門檻與 PR 規範,把「品質門檻與 PR 規範」從概念變成可交付成果，並能用面試可理解的方式解釋設計取捨。,"1. 主動回憶 10–15 分鐘：先不看資料，口頭回答今天主題的 5 題問題
2. 主題學習 25–35 分鐘：聚焦「品質門檻與 PR 規範」的原理與常見 trade-off
3. 交錯實作 60–90 分鐘：在 EduFlow 中完成「定義 lint/test/build 通過條件與 PR checklist」
4. 費曼輸出 15 分鐘：用 150–250 字解釋今天的設計決策與踩雷點
5. 間隔複習 10 分鐘：回顧前 1 天 / 7 天的卡片與舊功能",功能切片：定義 lint/test/build 通過條件與 PR checklist；驗收重點：頁面可操作、命名一致、狀態明確、可被後續測試/重構。,"1. 「品質門檻與 PR 規範」主要在解決什麼問題？如果不處理，測試（單元 / 整合 / E2E）+ Code Quality Gate 會出現什麼維護成本？
2. 針對「定義 lint/test/build 通過條件與 PR checklist」，你至少要做哪 2 個設計取捨？為什麼？
3. 在 EduFlow 裡，今天這個主題最適合落在哪個頁面或元件？原因是什麼？
4. 新手在做「品質門檻與 PR 規範」時最常犯的 1–2 個錯誤是什麼？你要怎麼避免？
5. 如果面試官問你今天的設計決策，你會如何用 1 分鐘講出『問題 → 方案 → 取捨』？",請用白話向一位 junior 解釋：為什麼「品質門檻與 PR 規範」不能只追求能動，而要同時考慮可維護性？請順便用「定義 lint/test/build 通過條件與 PR checklist」舉例。,EduFlow 完成「定義 lint/test/build 通過條件與 PR checklist」的最小可交付版本，並補一段可面試口說的設計說明。,2–3 小時,複習節奏：D+1 看 Day 34 卡片；D+7 回顧本日主題；D+21 加入反例與踩雷,此版本依前面已整理出的 60 天主線延伸；若要逐字對齊原始 plans.txt，需重新上傳原檔。
35,Week 5,測試（單元 / 整合 / E2E）+ Code Quality Gate,Week 5 收斂與測試策略文件,把「Week 5 收斂與測試策略文件」從概念變成可交付成果，並能用面試可理解的方式解釋設計取捨。,"1. 主動回憶 10–15 分鐘：先不看資料，口頭回答今天主題的 5 題問題
2. 主題學習 25–35 分鐘：聚焦「Week 5 收斂與測試策略文件」的原理與常見 trade-off
3. 交錯實作 60–90 分鐘：在 EduFlow 中完成「寫 testing strategy + 哪些必測/可不測」
4. 費曼輸出 15 分鐘：用 150–250 字解釋今天的設計決策與踩雷點
5. 間隔複習 10 分鐘：回顧前 1 天 / 7 天的卡片與舊功能",功能切片：寫 testing strategy + 哪些必測/可不測；驗收重點：頁面可操作、命名一致、狀態明確、可被後續測試/重構。,"1. 「Week 5 收斂與測試策略文件」主要在解決什麼問題？如果不處理，測試（單元 / 整合 / E2E）+ Code Quality Gate 會出現什麼維護成本？
2. 針對「寫 testing strategy + 哪些必測/可不測」，你至少要做哪 2 個設計取捨？為什麼？
3. 在 EduFlow 裡，今天這個主題最適合落在哪個頁面或元件？原因是什麼？
4. 新手在做「Week 5 收斂與測試策略文件」時最常犯的 1–2 個錯誤是什麼？你要怎麼避免？
5. 如果面試官問你今天的設計決策，你會如何用 1 分鐘講出『問題 → 方案 → 取捨』？",請用白話向一位 junior 解釋：為什麼「Week 5 收斂與測試策略文件」不能只追求能動，而要同時考慮可維護性？請順便用「寫 testing strategy + 哪些必測/可不測」舉例。,EduFlow 完成「寫 testing strategy + 哪些必測/可不測」的最小可交付版本，並補一段可面試口說的設計說明。,4–6 小時（週收斂）,複習節奏：D+1 看 Day 35 卡片；D+7 回顧本日主題；D+21 加入反例與踩雷,此版本依前面已整理出的 60 天主線延伸；若要逐字對齊原始 plans.txt，需重新上傳原檔。
36,Week 6,效能優化 + Lighthouse + 可量化改善,效能盤點與基準建立,把「效能盤點與基準建立」從概念變成可交付成果，並能用面試可理解的方式解釋設計取捨。,"1. 主動回憶 10–15 分鐘：先不看資料，口頭回答今天主題的 5 題問題
2. 主題學習 25–35 分鐘：聚焦「效能盤點與基準建立」的原理與常見 trade-off
3. 交錯實作 60–90 分鐘：在 EduFlow 中完成「跑 Lighthouse before baseline，記錄 LCP/INP/CLS」
4. 費曼輸出 15 分鐘：用 150–250 字解釋今天的設計決策與踩雷點
5. 間隔複習 10 分鐘：回顧前 1 天 / 7 天的卡片與舊功能",功能切片：跑 Lighthouse before baseline，記錄 LCP/INP/CLS；驗收重點：頁面可操作、命名一致、狀態明確、可被後續測試/重構。,"1. 「效能盤點與基準建立」主要在解決什麼問題？如果不處理，效能優化 + Lighthouse + 可量化改善 會出現什麼維護成本？
2. 針對「跑 Lighthouse before baseline，記錄 LCP/INP/CLS」，你至少要做哪 2 個設計取捨？為什麼？
3. 在 EduFlow 裡，今天這個主題最適合落在哪個頁面或元件？原因是什麼？
4. 新手在做「效能盤點與基準建立」時最常犯的 1–2 個錯誤是什麼？你要怎麼避免？
5. 如果面試官問你今天的設計決策，你會如何用 1 分鐘講出『問題 → 方案 → 取捨』？",請用白話向一位 junior 解釋：為什麼「效能盤點與基準建立」不能只追求能動，而要同時考慮可維護性？請順便用「跑 Lighthouse before baseline，記錄 LCP/INP/CLS」舉例。,EduFlow 完成「跑 Lighthouse before baseline，記錄 LCP/INP/CLS」的最小可交付版本，並補一段可面試口說的設計說明。,2–3 小時,複習節奏：D+1 看 Day 36 卡片；D+7 回顧本日主題；D+21 加入反例與踩雷,此版本依前面已整理出的 60 天主線延伸；若要逐字對齊原始 plans.txt，需重新上傳原檔。
37,Week 6,效能優化 + Lighthouse + 可量化改善,圖片最佳化,把「圖片最佳化」從概念變成可交付成果，並能用面試可理解的方式解釋設計取捨。,"1. 主動回憶 10–15 分鐘：先不看資料，口頭回答今天主題的 5 題問題
2. 主題學習 25–35 分鐘：聚焦「圖片最佳化」的原理與常見 trade-off
3. 交錯實作 60–90 分鐘：在 EduFlow 中完成「全面改用 next/image、尺寸策略與 lazy loading」
4. 費曼輸出 15 分鐘：用 150–250 字解釋今天的設計決策與踩雷點
5. 間隔複習 10 分鐘：回顧前 1 天 / 7 天的卡片與舊功能",功能切片：全面改用 next/image、尺寸策略與 lazy loading；驗收重點：頁面可操作、命名一致、狀態明確、可被後續測試/重構。,"1. 「圖片最佳化」主要在解決什麼問題？如果不處理，效能優化 + Lighthouse + 可量化改善 會出現什麼維護成本？
2. 針對「全面改用 next/image、尺寸策略與 lazy loading」，你至少要做哪 2 個設計取捨？為什麼？
3. 在 EduFlow 裡，今天這個主題最適合落在哪個頁面或元件？原因是什麼？
4. 新手在做「圖片最佳化」時最常犯的 1–2 個錯誤是什麼？你要怎麼避免？
5. 如果面試官問你今天的設計決策，你會如何用 1 分鐘講出『問題 → 方案 → 取捨』？",請用白話向一位 junior 解釋：為什麼「圖片最佳化」不能只追求能動，而要同時考慮可維護性？請順便用「全面改用 next/image、尺寸策略與 lazy loading」舉例。,EduFlow 完成「全面改用 next/image、尺寸策略與 lazy loading」的最小可交付版本，並補一段可面試口說的設計說明。,2–3 小時,複習節奏：D+1 看 Day 37 卡片；D+7 回顧本日主題；D+21 加入反例與踩雷,此版本依前面已整理出的 60 天主線延伸；若要逐字對齊原始 plans.txt，需重新上傳原檔。
38,Week 6,效能優化 + Lighthouse + 可量化改善,Bundle 拆分與 dynamic import,把「Bundle 拆分與 dynamic import」從概念變成可交付成果，並能用面試可理解的方式解釋設計取捨。,"1. 主動回憶 10–15 分鐘：先不看資料，口頭回答今天主題的 5 題問題
2. 主題學習 25–35 分鐘：聚焦「Bundle 拆分與 dynamic import」的原理與常見 trade-off
3. 交錯實作 60–90 分鐘：在 EduFlow 中完成「把 editor / modal 等重元件改為按需載入」
4. 費曼輸出 15 分鐘：用 150–250 字解釋今天的設計決策與踩雷點
5. 間隔複習 10 分鐘：回顧前 1 天 / 7 天的卡片與舊功能",功能切片：把 editor / modal 等重元件改為按需載入；驗收重點：頁面可操作、命名一致、狀態明確、可被後續測試/重構。,"1. 「Bundle 拆分與 dynamic import」主要在解決什麼問題？如果不處理，效能優化 + Lighthouse + 可量化改善 會出現什麼維護成本？
2. 針對「把 editor / modal 等重元件改為按需載入」，你至少要做哪 2 個設計取捨？為什麼？
3. 在 EduFlow 裡，今天這個主題最適合落在哪個頁面或元件？原因是什麼？
4. 新手在做「Bundle 拆分與 dynamic import」時最常犯的 1–2 個錯誤是什麼？你要怎麼避免？
5. 如果面試官問你今天的設計決策，你會如何用 1 分鐘講出『問題 → 方案 → 取捨』？",請用白話向一位 junior 解釋：為什麼「Bundle 拆分與 dynamic import」不能只追求能動，而要同時考慮可維護性？請順便用「把 editor / modal 等重元件改為按需載入」舉例。,EduFlow 完成「把 editor / modal 等重元件改為按需載入」的最小可交付版本，並補一段可面試口說的設計說明。,2–3 小時,複習節奏：D+1 看 Day 38 卡片；D+7 回顧本日主題；D+21 加入反例與踩雷,此版本依前面已整理出的 60 天主線延伸；若要逐字對齊原始 plans.txt，需重新上傳原檔。
39,Week 6,效能優化 + Lighthouse + 可量化改善,Rendering 成本與 rerender 分析,把「Rendering 成本與 rerender 分析」從概念變成可交付成果，並能用面試可理解的方式解釋設計取捨。,"1. 主動回憶 10–15 分鐘：先不看資料，口頭回答今天主題的 5 題問題
2. 主題學習 25–35 分鐘：聚焦「Rendering 成本與 rerender 分析」的原理與常見 trade-off
3. 交錯實作 60–90 分鐘：在 EduFlow 中完成「針對 dashboard / courses 頁做 render profiling」
4. 費曼輸出 15 分鐘：用 150–250 字解釋今天的設計決策與踩雷點
5. 間隔複習 10 分鐘：回顧前 1 天 / 7 天的卡片與舊功能",功能切片：針對 dashboard / courses 頁做 render profiling；驗收重點：頁面可操作、命名一致、狀態明確、可被後續測試/重構。,"1. 「Rendering 成本與 rerender 分析」主要在解決什麼問題？如果不處理，效能優化 + Lighthouse + 可量化改善 會出現什麼維護成本？
2. 針對「針對 dashboard / courses 頁做 render profiling」，你至少要做哪 2 個設計取捨？為什麼？
3. 在 EduFlow 裡，今天這個主題最適合落在哪個頁面或元件？原因是什麼？
4. 新手在做「Rendering 成本與 rerender 分析」時最常犯的 1–2 個錯誤是什麼？你要怎麼避免？
5. 如果面試官問你今天的設計決策，你會如何用 1 分鐘講出『問題 → 方案 → 取捨』？",請用白話向一位 junior 解釋：為什麼「Rendering 成本與 rerender 分析」不能只追求能動，而要同時考慮可維護性？請順便用「針對 dashboard / courses 頁做 render profiling」舉例。,EduFlow 完成「針對 dashboard / courses 頁做 render profiling」的最小可交付版本，並補一段可面試口說的設計說明。,2–3 小時,複習節奏：D+1 看 Day 39 卡片；D+7 回顧本日主題；D+21 加入反例與踩雷,此版本依前面已整理出的 60 天主線延伸；若要逐字對齊原始 plans.txt，需重新上傳原檔。
40,Week 6,效能優化 + Lighthouse + 可量化改善,快取與資料請求優化,把「快取與資料請求優化」從概念變成可交付成果，並能用面試可理解的方式解釋設計取捨。,"1. 主動回憶 10–15 分鐘：先不看資料，口頭回答今天主題的 5 題問題
2. 主題學習 25–35 分鐘：聚焦「快取與資料請求優化」的原理與常見 trade-off
3. 交錯實作 60–90 分鐘：在 EduFlow 中完成「減少重複 fetch，整理 query reuse 與 stale 時機」
4. 費曼輸出 15 分鐘：用 150–250 字解釋今天的設計決策與踩雷點
5. 間隔複習 10 分鐘：回顧前 1 天 / 7 天的卡片與舊功能",功能切片：減少重複 fetch，整理 query reuse 與 stale 時機；驗收重點：頁面可操作、命名一致、狀態明確、可被後續測試/重構。,"1. 「快取與資料請求優化」主要在解決什麼問題？如果不處理，效能優化 + Lighthouse + 可量化改善 會出現什麼維護成本？
2. 針對「減少重複 fetch，整理 query reuse 與 stale 時機」，你至少要做哪 2 個設計取捨？為什麼？
3. 在 EduFlow 裡，今天這個主題最適合落在哪個頁面或元件？原因是什麼？
4. 新手在做「快取與資料請求優化」時最常犯的 1–2 個錯誤是什麼？你要怎麼避免？
5. 如果面試官問你今天的設計決策，你會如何用 1 分鐘講出『問題 → 方案 → 取捨』？",請用白話向一位 junior 解釋：為什麼「快取與資料請求優化」不能只追求能動，而要同時考慮可維護性？請順便用「減少重複 fetch，整理 query reuse 與 stale 時機」舉例。,EduFlow 完成「減少重複 fetch，整理 query reuse 與 stale 時機」的最小可交付版本，並補一段可面試口說的設計說明。,2–3 小時,複習節奏：D+1 看 Day 40 卡片；D+7 回顧本日主題；D+21 加入反例與踩雷,此版本依前面已整理出的 60 天主線延伸；若要逐字對齊原始 plans.txt，需重新上傳原檔。
41,Week 6,效能優化 + Lighthouse + 可量化改善,Core Web Vitals 改善複盤,把「Core Web Vitals 改善複盤」從概念變成可交付成果，並能用面試可理解的方式解釋設計取捨。,"1. 主動回憶 10–15 分鐘：先不看資料，口頭回答今天主題的 5 題問題
2. 主題學習 25–35 分鐘：聚焦「Core Web Vitals 改善複盤」的原理與常見 trade-off
3. 交錯實作 60–90 分鐘：在 EduFlow 中完成「比對 before/after，補改善說明」
4. 費曼輸出 15 分鐘：用 150–250 字解釋今天的設計決策與踩雷點
5. 間隔複習 10 分鐘：回顧前 1 天 / 7 天的卡片與舊功能",功能切片：比對 before/after，補改善說明；驗收重點：頁面可操作、命名一致、狀態明確、可被後續測試/重構。,"1. 「Core Web Vitals 改善複盤」主要在解決什麼問題？如果不處理，效能優化 + Lighthouse + 可量化改善 會出現什麼維護成本？
2. 針對「比對 before/after，補改善說明」，你至少要做哪 2 個設計取捨？為什麼？
3. 在 EduFlow 裡，今天這個主題最適合落在哪個頁面或元件？原因是什麼？
4. 新手在做「Core Web Vitals 改善複盤」時最常犯的 1–2 個錯誤是什麼？你要怎麼避免？
5. 如果面試官問你今天的設計決策，你會如何用 1 分鐘講出『問題 → 方案 → 取捨』？",請用白話向一位 junior 解釋：為什麼「Core Web Vitals 改善複盤」不能只追求能動，而要同時考慮可維護性？請順便用「比對 before/after，補改善說明」舉例。,EduFlow 完成「比對 before/after，補改善說明」的最小可交付版本，並補一段可面試口說的設計說明。,2–3 小時,複習節奏：D+1 看 Day 41 卡片；D+7 回顧本日主題；D+21 加入反例與踩雷,此版本依前面已整理出的 60 天主線延伸；若要逐字對齊原始 plans.txt，需重新上傳原檔。
42,Week 6,效能優化 + Lighthouse + 可量化改善,Week 6 收斂與效能 checklist,把「Week 6 收斂與效能 checklist」從概念變成可交付成果，並能用面試可理解的方式解釋設計取捨。,"1. 主動回憶 10–15 分鐘：先不看資料，口頭回答今天主題的 5 題問題
2. 主題學習 25–35 分鐘：聚焦「Week 6 收斂與效能 checklist」的原理與常見 trade-off
3. 交錯實作 60–90 分鐘：在 EduFlow 中完成「整理專案效能清單與面試說法」
4. 費曼輸出 15 分鐘：用 150–250 字解釋今天的設計決策與踩雷點
5. 間隔複習 10 分鐘：回顧前 1 天 / 7 天的卡片與舊功能",功能切片：整理專案效能清單與面試說法；驗收重點：頁面可操作、命名一致、狀態明確、可被後續測試/重構。,"1. 「Week 6 收斂與效能 checklist」主要在解決什麼問題？如果不處理，效能優化 + Lighthouse + 可量化改善 會出現什麼維護成本？
2. 針對「整理專案效能清單與面試說法」，你至少要做哪 2 個設計取捨？為什麼？
3. 在 EduFlow 裡，今天這個主題最適合落在哪個頁面或元件？原因是什麼？
4. 新手在做「Week 6 收斂與效能 checklist」時最常犯的 1–2 個錯誤是什麼？你要怎麼避免？
5. 如果面試官問你今天的設計決策，你會如何用 1 分鐘講出『問題 → 方案 → 取捨』？",請用白話向一位 junior 解釋：為什麼「Week 6 收斂與效能 checklist」不能只追求能動，而要同時考慮可維護性？請順便用「整理專案效能清單與面試說法」舉例。,EduFlow 完成「整理專案效能清單與面試說法」的最小可交付版本，並補一段可面試口說的設計說明。,4–6 小時（週收斂）,複習節奏：D+1 看 Day 42 卡片；D+7 回顧本日主題；D+21 加入反例與踩雷,此版本依前面已整理出的 60 天主線延伸；若要逐字對齊原始 plans.txt，需重新上傳原檔。
43,Week 7,Firebase（Hosting / Storage）+ 部署實務,Firebase 專案初始化,把「Firebase 專案初始化」從概念變成可交付成果，並能用面試可理解的方式解釋設計取捨。,"1. 主動回憶 10–15 分鐘：先不看資料，口頭回答今天主題的 5 題問題
2. 主題學習 25–35 分鐘：聚焦「Firebase 專案初始化」的原理與常見 trade-off
3. 交錯實作 60–90 分鐘：在 EduFlow 中完成「建立 staging / prod 基本設定與環境變數」
4. 費曼輸出 15 分鐘：用 150–250 字解釋今天的設計決策與踩雷點
5. 間隔複習 10 分鐘：回顧前 1 天 / 7 天的卡片與舊功能",功能切片：建立 staging / prod 基本設定與環境變數；驗收重點：頁面可操作、命名一致、狀態明確、可被後續測試/重構。,"1. 「Firebase 專案初始化」主要在解決什麼問題？如果不處理，Firebase（Hosting / Storage）+ 部署實務 會出現什麼維護成本？
2. 針對「建立 staging / prod 基本設定與環境變數」，你至少要做哪 2 個設計取捨？為什麼？
3. 在 EduFlow 裡，今天這個主題最適合落在哪個頁面或元件？原因是什麼？
4. 新手在做「Firebase 專案初始化」時最常犯的 1–2 個錯誤是什麼？你要怎麼避免？
5. 如果面試官問你今天的設計決策，你會如何用 1 分鐘講出『問題 → 方案 → 取捨』？",請用白話向一位 junior 解釋：為什麼「Firebase 專案初始化」不能只追求能動，而要同時考慮可維護性？請順便用「建立 staging / prod 基本設定與環境變數」舉例。,EduFlow 完成「建立 staging / prod 基本設定與環境變數」的最小可交付版本，並補一段可面試口說的設計說明。,2–3 小時,複習節奏：D+1 看 Day 43 卡片；D+7 回顧本日主題；D+21 加入反例與踩雷,此版本依前面已整理出的 60 天主線延伸；若要逐字對齊原始 plans.txt，需重新上傳原檔。
44,Week 7,Firebase（Hosting / Storage）+ 部署實務,Hosting 部署流程,把「Hosting 部署流程」從概念變成可交付成果，並能用面試可理解的方式解釋設計取捨。,"1. 主動回憶 10–15 分鐘：先不看資料，口頭回答今天主題的 5 題問題
2. 主題學習 25–35 分鐘：聚焦「Hosting 部署流程」的原理與常見 trade-off
3. 交錯實作 60–90 分鐘：在 EduFlow 中完成「把 Next 專案部署到可公開存取環境」
4. 費曼輸出 15 分鐘：用 150–250 字解釋今天的設計決策與踩雷點
5. 間隔複習 10 分鐘：回顧前 1 天 / 7 天的卡片與舊功能",功能切片：把 Next 專案部署到可公開存取環境；驗收重點：頁面可操作、命名一致、狀態明確、可被後續測試/重構。,"1. 「Hosting 部署流程」主要在解決什麼問題？如果不處理，Firebase（Hosting / Storage）+ 部署實務 會出現什麼維護成本？
2. 針對「把 Next 專案部署到可公開存取環境」，你至少要做哪 2 個設計取捨？為什麼？
3. 在 EduFlow 裡，今天這個主題最適合落在哪個頁面或元件？原因是什麼？
4. 新手在做「Hosting 部署流程」時最常犯的 1–2 個錯誤是什麼？你要怎麼避免？
5. 如果面試官問你今天的設計決策，你會如何用 1 分鐘講出『問題 → 方案 → 取捨』？",請用白話向一位 junior 解釋：為什麼「Hosting 部署流程」不能只追求能動，而要同時考慮可維護性？請順便用「把 Next 專案部署到可公開存取環境」舉例。,EduFlow 完成「把 Next 專案部署到可公開存取環境」的最小可交付版本，並補一段可面試口說的設計說明。,2–3 小時,複習節奏：D+1 看 Day 44 卡片；D+7 回顧本日主題；D+21 加入反例與踩雷,此版本依前面已整理出的 60 天主線延伸；若要逐字對齊原始 plans.txt，需重新上傳原檔。
45,Week 7,Firebase（Hosting / Storage）+ 部署實務,Storage 上傳流程,把「Storage 上傳流程」從概念變成可交付成果，並能用面試可理解的方式解釋設計取捨。,"1. 主動回憶 10–15 分鐘：先不看資料，口頭回答今天主題的 5 題問題
2. 主題學習 25–35 分鐘：聚焦「Storage 上傳流程」的原理與常見 trade-off
3. 交錯實作 60–90 分鐘：在 EduFlow 中完成「完成教材圖片/附件上傳」
4. 費曼輸出 15 分鐘：用 150–250 字解釋今天的設計決策與踩雷點
5. 間隔複習 10 分鐘：回顧前 1 天 / 7 天的卡片與舊功能",功能切片：完成教材圖片/附件上傳；驗收重點：頁面可操作、命名一致、狀態明確、可被後續測試/重構。,"1. 「Storage 上傳流程」主要在解決什麼問題？如果不處理，Firebase（Hosting / Storage）+ 部署實務 會出現什麼維護成本？
2. 針對「完成教材圖片/附件上傳」，你至少要做哪 2 個設計取捨？為什麼？
3. 在 EduFlow 裡，今天這個主題最適合落在哪個頁面或元件？原因是什麼？
4. 新手在做「Storage 上傳流程」時最常犯的 1–2 個錯誤是什麼？你要怎麼避免？
5. 如果面試官問你今天的設計決策，你會如何用 1 分鐘講出『問題 → 方案 → 取捨』？",請用白話向一位 junior 解釋：為什麼「Storage 上傳流程」不能只追求能動，而要同時考慮可維護性？請順便用「完成教材圖片/附件上傳」舉例。,EduFlow 完成「完成教材圖片/附件上傳」的最小可交付版本，並補一段可面試口說的設計說明。,2–3 小時,複習節奏：D+1 看 Day 45 卡片；D+7 回顧本日主題；D+21 加入反例與踩雷,此版本依前面已整理出的 60 天主線延伸；若要逐字對齊原始 plans.txt，需重新上傳原檔。
46,Week 7,Firebase（Hosting / Storage）+ 部署實務,Storage security rules,把「Storage security rules」從概念變成可交付成果，並能用面試可理解的方式解釋設計取捨。,"1. 主動回憶 10–15 分鐘：先不看資料，口頭回答今天主題的 5 題問題
2. 主題學習 25–35 分鐘：聚焦「Storage security rules」的原理與常見 trade-off
3. 交錯實作 60–90 分鐘：在 EduFlow 中完成「限制登入者與資源擁有者的存取權限」
4. 費曼輸出 15 分鐘：用 150–250 字解釋今天的設計決策與踩雷點
5. 間隔複習 10 分鐘：回顧前 1 天 / 7 天的卡片與舊功能",功能切片：限制登入者與資源擁有者的存取權限；驗收重點：頁面可操作、命名一致、狀態明確、可被後續測試/重構。,"1. 「Storage security rules」主要在解決什麼問題？如果不處理，Firebase（Hosting / Storage）+ 部署實務 會出現什麼維護成本？
2. 針對「限制登入者與資源擁有者的存取權限」，你至少要做哪 2 個設計取捨？為什麼？
3. 在 EduFlow 裡，今天這個主題最適合落在哪個頁面或元件？原因是什麼？
4. 新手在做「Storage security rules」時最常犯的 1–2 個錯誤是什麼？你要怎麼避免？
5. 如果面試官問你今天的設計決策，你會如何用 1 分鐘講出『問題 → 方案 → 取捨』？",請用白話向一位 junior 解釋：為什麼「Storage security rules」不能只追求能動，而要同時考慮可維護性？請順便用「限制登入者與資源擁有者的存取權限」舉例。,EduFlow 完成「限制登入者與資源擁有者的存取權限」的最小可交付版本，並補一段可面試口說的設計說明。,2–3 小時,複習節奏：D+1 看 Day 46 卡片；D+7 回顧本日主題；D+21 加入反例與踩雷,此版本依前面已整理出的 60 天主線延伸；若要逐字對齊原始 plans.txt，需重新上傳原檔。
47,Week 7,Firebase（Hosting / Storage）+ 部署實務,環境區分與設定管理,把「環境區分與設定管理」從概念變成可交付成果，並能用面試可理解的方式解釋設計取捨。,"1. 主動回憶 10–15 分鐘：先不看資料，口頭回答今天主題的 5 題問題
2. 主題學習 25–35 分鐘：聚焦「環境區分與設定管理」的原理與常見 trade-off
3. 交錯實作 60–90 分鐘：在 EduFlow 中完成「整理 .env、secret、firebase config」
4. 費曼輸出 15 分鐘：用 150–250 字解釋今天的設計決策與踩雷點
5. 間隔複習 10 分鐘：回顧前 1 天 / 7 天的卡片與舊功能",功能切片：整理 .env、secret、firebase config；驗收重點：頁面可操作、命名一致、狀態明確、可被後續測試/重構。,"1. 「環境區分與設定管理」主要在解決什麼問題？如果不處理，Firebase（Hosting / Storage）+ 部署實務 會出現什麼維護成本？
2. 針對「整理 .env、secret、firebase config」，你至少要做哪 2 個設計取捨？為什麼？
3. 在 EduFlow 裡，今天這個主題最適合落在哪個頁面或元件？原因是什麼？
4. 新手在做「環境區分與設定管理」時最常犯的 1–2 個錯誤是什麼？你要怎麼避免？
5. 如果面試官問你今天的設計決策，你會如何用 1 分鐘講出『問題 → 方案 → 取捨』？",請用白話向一位 junior 解釋：為什麼「環境區分與設定管理」不能只追求能動，而要同時考慮可維護性？請順便用「整理 .env、secret、firebase config」舉例。,EduFlow 完成「整理 .env、secret、firebase config」的最小可交付版本，並補一段可面試口說的設計說明。,2–3 小時,複習節奏：D+1 看 Day 47 卡片；D+7 回顧本日主題；D+21 加入反例與踩雷,此版本依前面已整理出的 60 天主線延伸；若要逐字對齊原始 plans.txt，需重新上傳原檔。
48,Week 7,Firebase（Hosting / Storage）+ 部署實務,Staging 驗收與 smoke test,把「Staging 驗收與 smoke test」從概念變成可交付成果，並能用面試可理解的方式解釋設計取捨。,"1. 主動回憶 10–15 分鐘：先不看資料，口頭回答今天主題的 5 題問題
2. 主題學習 25–35 分鐘：聚焦「Staging 驗收與 smoke test」的原理與常見 trade-off
3. 交錯實作 60–90 分鐘：在 EduFlow 中完成「在 staging 走一次上傳/瀏覽/編輯流程」
4. 費曼輸出 15 分鐘：用 150–250 字解釋今天的設計決策與踩雷點
5. 間隔複習 10 分鐘：回顧前 1 天 / 7 天的卡片與舊功能",功能切片：在 staging 走一次上傳/瀏覽/編輯流程；驗收重點：頁面可操作、命名一致、狀態明確、可被後續測試/重構。,"1. 「Staging 驗收與 smoke test」主要在解決什麼問題？如果不處理，Firebase（Hosting / Storage）+ 部署實務 會出現什麼維護成本？
2. 針對「在 staging 走一次上傳/瀏覽/編輯流程」，你至少要做哪 2 個設計取捨？為什麼？
3. 在 EduFlow 裡，今天這個主題最適合落在哪個頁面或元件？原因是什麼？
4. 新手在做「Staging 驗收與 smoke test」時最常犯的 1–2 個錯誤是什麼？你要怎麼避免？
5. 如果面試官問你今天的設計決策，你會如何用 1 分鐘講出『問題 → 方案 → 取捨』？",請用白話向一位 junior 解釋：為什麼「Staging 驗收與 smoke test」不能只追求能動，而要同時考慮可維護性？請順便用「在 staging 走一次上傳/瀏覽/編輯流程」舉例。,EduFlow 完成「在 staging 走一次上傳/瀏覽/編輯流程」的最小可交付版本，並補一段可面試口說的設計說明。,2–3 小時,複習節奏：D+1 看 Day 48 卡片；D+7 回顧本日主題；D+21 加入反例與踩雷,此版本依前面已整理出的 60 天主線延伸；若要逐字對齊原始 plans.txt，需重新上傳原檔。
49,Week 7,Firebase（Hosting / Storage）+ 部署實務,Week 7 收斂與上線 runbook,把「Week 7 收斂與上線 runbook」從概念變成可交付成果，並能用面試可理解的方式解釋設計取捨。,"1. 主動回憶 10–15 分鐘：先不看資料，口頭回答今天主題的 5 題問題
2. 主題學習 25–35 分鐘：聚焦「Week 7 收斂與上線 runbook」的原理與常見 trade-off
3. 交錯實作 60–90 分鐘：在 EduFlow 中完成「寫部署步驟、rollback、常見故障排除」
4. 費曼輸出 15 分鐘：用 150–250 字解釋今天的設計決策與踩雷點
5. 間隔複習 10 分鐘：回顧前 1 天 / 7 天的卡片與舊功能",功能切片：寫部署步驟、rollback、常見故障排除；驗收重點：頁面可操作、命名一致、狀態明確、可被後續測試/重構。,"1. 「Week 7 收斂與上線 runbook」主要在解決什麼問題？如果不處理，Firebase（Hosting / Storage）+ 部署實務 會出現什麼維護成本？
2. 針對「寫部署步驟、rollback、常見故障排除」，你至少要做哪 2 個設計取捨？為什麼？
3. 在 EduFlow 裡，今天這個主題最適合落在哪個頁面或元件？原因是什麼？
4. 新手在做「Week 7 收斂與上線 runbook」時最常犯的 1–2 個錯誤是什麼？你要怎麼避免？
5. 如果面試官問你今天的設計決策，你會如何用 1 分鐘講出『問題 → 方案 → 取捨』？",請用白話向一位 junior 解釋：為什麼「Week 7 收斂與上線 runbook」不能只追求能動，而要同時考慮可維護性？請順便用「寫部署步驟、rollback、常見故障排除」舉例。,EduFlow 完成「寫部署步驟、rollback、常見故障排除」的最小可交付版本，並補一段可面試口說的設計說明。,4–6 小時（週收斂）,複習節奏：D+1 看 Day 49 卡片；D+7 回顧本日主題；D+21 加入反例與踩雷,此版本依前面已整理出的 60 天主線延伸；若要逐字對齊原始 plans.txt，需重新上傳原檔。
50,Week 8,CI/CD + Git 協作 + 敏捷流程 + 影響力,Branch strategy 與 commit convention,把「Branch strategy 與 commit convention」從概念變成可交付成果，並能用面試可理解的方式解釋設計取捨。,"1. 主動回憶 10–15 分鐘：先不看資料，口頭回答今天主題的 5 題問題
2. 主題學習 25–35 分鐘：聚焦「Branch strategy 與 commit convention」的原理與常見 trade-off
3. 交錯實作 60–90 分鐘：在 EduFlow 中完成「整理 main/develop/feature 與 commit 規範」
4. 費曼輸出 15 分鐘：用 150–250 字解釋今天的設計決策與踩雷點
5. 間隔複習 10 分鐘：回顧前 1 天 / 7 天的卡片與舊功能",功能切片：整理 main/develop/feature 與 commit 規範；驗收重點：頁面可操作、命名一致、狀態明確、可被後續測試/重構。,"1. 「Branch strategy 與 commit convention」主要在解決什麼問題？如果不處理，CI/CD + Git 協作 + 敏捷流程 + 影響力 會出現什麼維護成本？
2. 針對「整理 main/develop/feature 與 commit 規範」，你至少要做哪 2 個設計取捨？為什麼？
3. 在 EduFlow 裡，今天這個主題最適合落在哪個頁面或元件？原因是什麼？
4. 新手在做「Branch strategy 與 commit convention」時最常犯的 1–2 個錯誤是什麼？你要怎麼避免？
5. 如果面試官問你今天的設計決策，你會如何用 1 分鐘講出『問題 → 方案 → 取捨』？",請用白話向一位 junior 解釋：為什麼「Branch strategy 與 commit convention」不能只追求能動，而要同時考慮可維護性？請順便用「整理 main/develop/feature 與 commit 規範」舉例。,EduFlow 完成「整理 main/develop/feature 與 commit 規範」的最小可交付版本，並補一段可面試口說的設計說明。,2–3 小時,複習節奏：D+1 看 Day 50 卡片；D+7 回顧本日主題；D+21 加入反例與踩雷,此版本依前面已整理出的 60 天主線延伸；若要逐字對齊原始 plans.txt，需重新上傳原檔。
51,Week 8,CI/CD + Git 協作 + 敏捷流程 + 影響力,GitHub Actions 基礎 CI,把「GitHub Actions 基礎 CI」從概念變成可交付成果，並能用面試可理解的方式解釋設計取捨。,"1. 主動回憶 10–15 分鐘：先不看資料，口頭回答今天主題的 5 題問題
2. 主題學習 25–35 分鐘：聚焦「GitHub Actions 基礎 CI」的原理與常見 trade-off
3. 交錯實作 60–90 分鐘：在 EduFlow 中完成「自動跑 lint/test/build」
4. 費曼輸出 15 分鐘：用 150–250 字解釋今天的設計決策與踩雷點
5. 間隔複習 10 分鐘：回顧前 1 天 / 7 天的卡片與舊功能",功能切片：自動跑 lint/test/build；驗收重點：頁面可操作、命名一致、狀態明確、可被後續測試/重構。,"1. 「GitHub Actions 基礎 CI」主要在解決什麼問題？如果不處理，CI/CD + Git 協作 + 敏捷流程 + 影響力 會出現什麼維護成本？
2. 針對「自動跑 lint/test/build」，你至少要做哪 2 個設計取捨？為什麼？
3. 在 EduFlow 裡，今天這個主題最適合落在哪個頁面或元件？原因是什麼？
4. 新手在做「GitHub Actions 基礎 CI」時最常犯的 1–2 個錯誤是什麼？你要怎麼避免？
5. 如果面試官問你今天的設計決策，你會如何用 1 分鐘講出『問題 → 方案 → 取捨』？",請用白話向一位 junior 解釋：為什麼「GitHub Actions 基礎 CI」不能只追求能動，而要同時考慮可維護性？請順便用「自動跑 lint/test/build」舉例。,EduFlow 完成「自動跑 lint/test/build」的最小可交付版本，並補一段可面試口說的設計說明。,2–3 小時,複習節奏：D+1 看 Day 51 卡片；D+7 回顧本日主題；D+21 加入反例與踩雷,此版本依前面已整理出的 60 天主線延伸；若要逐字對齊原始 plans.txt，需重新上傳原檔。
52,Week 8,CI/CD + Git 協作 + 敏捷流程 + 影響力,CD 與版本標記,把「CD 與版本標記」從概念變成可交付成果，並能用面試可理解的方式解釋設計取捨。,"1. 主動回憶 10–15 分鐘：先不看資料，口頭回答今天主題的 5 題問題
2. 主題學習 25–35 分鐘：聚焦「CD 與版本標記」的原理與常見 trade-off
3. 交錯實作 60–90 分鐘：在 EduFlow 中完成「合併後自動部署 staging，建立 tag/release 流程」
4. 費曼輸出 15 分鐘：用 150–250 字解釋今天的設計決策與踩雷點
5. 間隔複習 10 分鐘：回顧前 1 天 / 7 天的卡片與舊功能",功能切片：合併後自動部署 staging，建立 tag/release 流程；驗收重點：頁面可操作、命名一致、狀態明確、可被後續測試/重構。,"1. 「CD 與版本標記」主要在解決什麼問題？如果不處理，CI/CD + Git 協作 + 敏捷流程 + 影響力 會出現什麼維護成本？
2. 針對「合併後自動部署 staging，建立 tag/release 流程」，你至少要做哪 2 個設計取捨？為什麼？
3. 在 EduFlow 裡，今天這個主題最適合落在哪個頁面或元件？原因是什麼？
4. 新手在做「CD 與版本標記」時最常犯的 1–2 個錯誤是什麼？你要怎麼避免？
5. 如果面試官問你今天的設計決策，你會如何用 1 分鐘講出『問題 → 方案 → 取捨』？",請用白話向一位 junior 解釋：為什麼「CD 與版本標記」不能只追求能動，而要同時考慮可維護性？請順便用「合併後自動部署 staging，建立 tag/release 流程」舉例。,EduFlow 完成「合併後自動部署 staging，建立 tag/release 流程」的最小可交付版本，並補一段可面試口說的設計說明。,2–3 小時,複習節奏：D+1 看 Day 52 卡片；D+7 回顧本日主題；D+21 加入反例與踩雷,此版本依前面已整理出的 60 天主線延伸；若要逐字對齊原始 plans.txt，需重新上傳原檔。
53,Week 8,CI/CD + Git 協作 + 敏捷流程 + 影響力,PR template / CODEOWNERS / review 流程,把「PR template / CODEOWNERS / review 流程」從概念變成可交付成果，並能用面試可理解的方式解釋設計取捨。,"1. 主動回憶 10–15 分鐘：先不看資料，口頭回答今天主題的 5 題問題
2. 主題學習 25–35 分鐘：聚焦「PR template / CODEOWNERS / review 流程」的原理與常見 trade-off
3. 交錯實作 60–90 分鐘：在 EduFlow 中完成「把 code review 標準文件化」
4. 費曼輸出 15 分鐘：用 150–250 字解釋今天的設計決策與踩雷點
5. 間隔複習 10 分鐘：回顧前 1 天 / 7 天的卡片與舊功能",功能切片：把 code review 標準文件化；驗收重點：頁面可操作、命名一致、狀態明確、可被後續測試/重構。,"1. 「PR template / CODEOWNERS / review 流程」主要在解決什麼問題？如果不處理，CI/CD + Git 協作 + 敏捷流程 + 影響力 會出現什麼維護成本？
2. 針對「把 code review 標準文件化」，你至少要做哪 2 個設計取捨？為什麼？
3. 在 EduFlow 裡，今天這個主題最適合落在哪個頁面或元件？原因是什麼？
4. 新手在做「PR template / CODEOWNERS / review 流程」時最常犯的 1–2 個錯誤是什麼？你要怎麼避免？
5. 如果面試官問你今天的設計決策，你會如何用 1 分鐘講出『問題 → 方案 → 取捨』？",請用白話向一位 junior 解釋：為什麼「PR template / CODEOWNERS / review 流程」不能只追求能動，而要同時考慮可維護性？請順便用「把 code review 標準文件化」舉例。,EduFlow 完成「把 code review 標準文件化」的最小可交付版本，並補一段可面試口說的設計說明。,2–3 小時,複習節奏：D+1 看 Day 53 卡片；D+7 回顧本日主題；D+21 加入反例與踩雷,此版本依前面已整理出的 60 天主線延伸；若要逐字對齊原始 plans.txt，需重新上傳原檔。
54,Week 8,CI/CD + Git 協作 + 敏捷流程 + 影響力,Tech Spec 與 ADR,把「Tech Spec 與 ADR」從概念變成可交付成果，並能用面試可理解的方式解釋設計取捨。,"1. 主動回憶 10–15 分鐘：先不看資料，口頭回答今天主題的 5 題問題
2. 主題學習 25–35 分鐘：聚焦「Tech Spec 與 ADR」的原理與常見 trade-off
3. 交錯實作 60–90 分鐘：在 EduFlow 中完成「為 RTKQ、SSR/ISR、Firebase 等選型寫 ADR」
4. 費曼輸出 15 分鐘：用 150–250 字解釋今天的設計決策與踩雷點
5. 間隔複習 10 分鐘：回顧前 1 天 / 7 天的卡片與舊功能",功能切片：為 RTKQ、SSR/ISR、Firebase 等選型寫 ADR；驗收重點：頁面可操作、命名一致、狀態明確、可被後續測試/重構。,"1. 「Tech Spec 與 ADR」主要在解決什麼問題？如果不處理，CI/CD + Git 協作 + 敏捷流程 + 影響力 會出現什麼維護成本？
2. 針對「為 RTKQ、SSR/ISR、Firebase 等選型寫 ADR」，你至少要做哪 2 個設計取捨？為什麼？
3. 在 EduFlow 裡，今天這個主題最適合落在哪個頁面或元件？原因是什麼？
4. 新手在做「Tech Spec 與 ADR」時最常犯的 1–2 個錯誤是什麼？你要怎麼避免？
5. 如果面試官問你今天的設計決策，你會如何用 1 分鐘講出『問題 → 方案 → 取捨』？",請用白話向一位 junior 解釋：為什麼「Tech Spec 與 ADR」不能只追求能動，而要同時考慮可維護性？請順便用「為 RTKQ、SSR/ISR、Firebase 等選型寫 ADR」舉例。,EduFlow 完成「為 RTKQ、SSR/ISR、Firebase 等選型寫 ADR」的最小可交付版本，並補一段可面試口說的設計說明。,2–3 小時,複習節奏：D+1 看 Day 54 卡片；D+7 回顧本日主題；D+21 加入反例與踩雷,此版本依前面已整理出的 60 天主線延伸；若要逐字對齊原始 plans.txt，需重新上傳原檔。
55,Week 8,CI/CD + Git 協作 + 敏捷流程 + 影響力,Mentor / onboarding / 事故處理,把「Mentor / onboarding / 事故處理」從概念變成可交付成果，並能用面試可理解的方式解釋設計取捨。,"1. 主動回憶 10–15 分鐘：先不看資料，口頭回答今天主題的 5 題問題
2. 主題學習 25–35 分鐘：聚焦「Mentor / onboarding / 事故處理」的原理與常見 trade-off
3. 交錯實作 60–90 分鐘：在 EduFlow 中完成「寫新人成長路線圖與 incident runbook」
4. 費曼輸出 15 分鐘：用 150–250 字解釋今天的設計決策與踩雷點
5. 間隔複習 10 分鐘：回顧前 1 天 / 7 天的卡片與舊功能",功能切片：寫新人成長路線圖與 incident runbook；驗收重點：頁面可操作、命名一致、狀態明確、可被後續測試/重構。,"1. 「Mentor / onboarding / 事故處理」主要在解決什麼問題？如果不處理，CI/CD + Git 協作 + 敏捷流程 + 影響力 會出現什麼維護成本？
2. 針對「寫新人成長路線圖與 incident runbook」，你至少要做哪 2 個設計取捨？為什麼？
3. 在 EduFlow 裡，今天這個主題最適合落在哪個頁面或元件？原因是什麼？
4. 新手在做「Mentor / onboarding / 事故處理」時最常犯的 1–2 個錯誤是什麼？你要怎麼避免？
5. 如果面試官問你今天的設計決策，你會如何用 1 分鐘講出『問題 → 方案 → 取捨』？",請用白話向一位 junior 解釋：為什麼「Mentor / onboarding / 事故處理」不能只追求能動，而要同時考慮可維護性？請順便用「寫新人成長路線圖與 incident runbook」舉例。,EduFlow 完成「寫新人成長路線圖與 incident runbook」的最小可交付版本，並補一段可面試口說的設計說明。,2–3 小時,複習節奏：D+1 看 Day 55 卡片；D+7 回顧本日主題；D+21 加入反例與踩雷,此版本依前面已整理出的 60 天主線延伸；若要逐字對齊原始 plans.txt，需重新上傳原檔。
56,Week 8,CI/CD + Git 協作 + 敏捷流程 + 影響力,Week 8 收斂與工程流程包,把「Week 8 收斂與工程流程包」從概念變成可交付成果，並能用面試可理解的方式解釋設計取捨。,"1. 主動回憶 10–15 分鐘：先不看資料，口頭回答今天主題的 5 題問題
2. 主題學習 25–35 分鐘：聚焦「Week 8 收斂與工程流程包」的原理與常見 trade-off
3. 交錯實作 60–90 分鐘：在 EduFlow 中完成「整理 demo 用工程流程資產」
4. 費曼輸出 15 分鐘：用 150–250 字解釋今天的設計決策與踩雷點
5. 間隔複習 10 分鐘：回顧前 1 天 / 7 天的卡片與舊功能",功能切片：整理 demo 用工程流程資產；驗收重點：頁面可操作、命名一致、狀態明確、可被後續測試/重構。,"1. 「Week 8 收斂與工程流程包」主要在解決什麼問題？如果不處理，CI/CD + Git 協作 + 敏捷流程 + 影響力 會出現什麼維護成本？
2. 針對「整理 demo 用工程流程資產」，你至少要做哪 2 個設計取捨？為什麼？
3. 在 EduFlow 裡，今天這個主題最適合落在哪個頁面或元件？原因是什麼？
4. 新手在做「Week 8 收斂與工程流程包」時最常犯的 1–2 個錯誤是什麼？你要怎麼避免？
5. 如果面試官問你今天的設計決策，你會如何用 1 分鐘講出『問題 → 方案 → 取捨』？",請用白話向一位 junior 解釋：為什麼「Week 8 收斂與工程流程包」不能只追求能動，而要同時考慮可維護性？請順便用「整理 demo 用工程流程資產」舉例。,EduFlow 完成「整理 demo 用工程流程資產」的最小可交付版本，並補一段可面試口說的設計說明。,4–6 小時（週收斂）,複習節奏：D+1 看 Day 56 卡片；D+7 回顧本日主題；D+21 加入反例與踩雷,此版本依前面已整理出的 60 天主線延伸；若要逐字對齊原始 plans.txt，需重新上傳原檔。
57,Days 57–60,收斂與面試化,Tech Spec 最終版,把「Tech Spec 最終版」從概念變成可交付成果，並能用面試可理解的方式解釋設計取捨。,"1. 主動回憶 10–15 分鐘：先不看資料，口頭回答今天主題的 5 題問題
2. 主題學習 25–35 分鐘：聚焦「Tech Spec 最終版」的原理與常見 trade-off
3. 交錯實作 60–90 分鐘：在 EduFlow 中完成「整理需求拆解、範圍、風險、里程碑」
4. 費曼輸出 15 分鐘：用 150–250 字解釋今天的設計決策與踩雷點
5. 間隔複習 10 分鐘：回顧前 1 天 / 7 天的卡片與舊功能",功能切片：整理需求拆解、範圍、風險、里程碑；驗收重點：頁面可操作、命名一致、狀態明確、可被後續測試/重構。,"1. 「Tech Spec 最終版」主要在解決什麼問題？如果不處理，收斂與面試化 會出現什麼維護成本？
2. 針對「整理需求拆解、範圍、風險、里程碑」，你至少要做哪 2 個設計取捨？為什麼？
3. 在 EduFlow 裡，今天這個主題最適合落在哪個頁面或元件？原因是什麼？
4. 新手在做「Tech Spec 最終版」時最常犯的 1–2 個錯誤是什麼？你要怎麼避免？
5. 如果面試官問你今天的設計決策，你會如何用 1 分鐘講出『問題 → 方案 → 取捨』？",請用白話向一位 junior 解釋：為什麼「Tech Spec 最終版」不能只追求能動，而要同時考慮可維護性？請順便用「整理需求拆解、範圍、風險、里程碑」舉例。,EduFlow 完成「整理需求拆解、範圍、風險、里程碑」的最小可交付版本，並補一段可面試口說的設計說明。,3–5 小時（面試化 / 作品集收斂）,複習節奏：D+1 看 Day 57 卡片；D+7 回顧本日主題；D+21 加入反例與踩雷,此版本依前面已整理出的 60 天主線延伸；若要逐字對齊原始 plans.txt，需重新上傳原檔。
58,Days 57–60,收斂與面試化,10 分鐘 demo 講稿,把「10 分鐘 demo 講稿」從概念變成可交付成果，並能用面試可理解的方式解釋設計取捨。,"1. 主動回憶 10–15 分鐘：先不看資料，口頭回答今天主題的 5 題問題
2. 主題學習 25–35 分鐘：聚焦「10 分鐘 demo 講稿」的原理與常見 trade-off
3. 交錯實作 60–90 分鐘：在 EduFlow 中完成「準備功能演示、取捨、Q&A」
4. 費曼輸出 15 分鐘：用 150–250 字解釋今天的設計決策與踩雷點
5. 間隔複習 10 分鐘：回顧前 1 天 / 7 天的卡片與舊功能",功能切片：準備功能演示、取捨、Q&A；驗收重點：頁面可操作、命名一致、狀態明確、可被後續測試/重構。,"1. 「10 分鐘 demo 講稿」主要在解決什麼問題？如果不處理，收斂與面試化 會出現什麼維護成本？
2. 針對「準備功能演示、取捨、Q&A」，你至少要做哪 2 個設計取捨？為什麼？
3. 在 EduFlow 裡，今天這個主題最適合落在哪個頁面或元件？原因是什麼？
4. 新手在做「10 分鐘 demo 講稿」時最常犯的 1–2 個錯誤是什麼？你要怎麼避免？
5. 如果面試官問你今天的設計決策，你會如何用 1 分鐘講出『問題 → 方案 → 取捨』？",請用白話向一位 junior 解釋：為什麼「10 分鐘 demo 講稿」不能只追求能動，而要同時考慮可維護性？請順便用「準備功能演示、取捨、Q&A」舉例。,EduFlow 完成「準備功能演示、取捨、Q&A」的最小可交付版本，並補一段可面試口說的設計說明。,3–5 小時（面試化 / 作品集收斂）,複習節奏：D+1 看 Day 58 卡片；D+7 回顧本日主題；D+21 加入反例與踩雷,此版本依前面已整理出的 60 天主線延伸；若要逐字對齊原始 plans.txt，需重新上傳原檔。
59,Days 57–60,收斂與面試化,模擬面試與口說,把「模擬面試與口說」從概念變成可交付成果，並能用面試可理解的方式解釋設計取捨。,"1. 主動回憶 10–15 分鐘：先不看資料，口頭回答今天主題的 5 題問題
2. 主題學習 25–35 分鐘：聚焦「模擬面試與口說」的原理與常見 trade-off
3. 交錯實作 60–90 分鐘：在 EduFlow 中完成「練習架構題、效能題、測試題、協作題」
4. 費曼輸出 15 分鐘：用 150–250 字解釋今天的設計決策與踩雷點
5. 間隔複習 10 分鐘：回顧前 1 天 / 7 天的卡片與舊功能",功能切片：練習架構題、效能題、測試題、協作題；驗收重點：頁面可操作、命名一致、狀態明確、可被後續測試/重構。,"1. 「模擬面試與口說」主要在解決什麼問題？如果不處理，收斂與面試化 會出現什麼維護成本？
2. 針對「練習架構題、效能題、測試題、協作題」，你至少要做哪 2 個設計取捨？為什麼？
3. 在 EduFlow 裡，今天這個主題最適合落在哪個頁面或元件？原因是什麼？
4. 新手在做「模擬面試與口說」時最常犯的 1–2 個錯誤是什麼？你要怎麼避免？
5. 如果面試官問你今天的設計決策，你會如何用 1 分鐘講出『問題 → 方案 → 取捨』？",請用白話向一位 junior 解釋：為什麼「模擬面試與口說」不能只追求能動，而要同時考慮可維護性？請順便用「練習架構題、效能題、測試題、協作題」舉例。,EduFlow 完成「練習架構題、效能題、測試題、協作題」的最小可交付版本，並補一段可面試口說的設計說明。,3–5 小時（面試化 / 作品集收斂）,複習節奏：D+1 看 Day 59 卡片；D+7 回顧本日主題；D+21 加入反例與踩雷,此版本依前面已整理出的 60 天主線延伸；若要逐字對齊原始 plans.txt，需重新上傳原檔。
60,Days 57–60,收斂與面試化,最終整合與作品集封裝,把「最終整合與作品集封裝」從概念變成可交付成果，並能用面試可理解的方式解釋設計取捨。,"1. 主動回憶 10–15 分鐘：先不看資料，口頭回答今天主題的 5 題問題
2. 主題學習 25–35 分鐘：聚焦「最終整合與作品集封裝」的原理與常見 trade-off
3. 交錯實作 60–90 分鐘：在 EduFlow 中完成「整理 README、截圖、部署連結、學習回顧」
4. 費曼輸出 15 分鐘：用 150–250 字解釋今天的設計決策與踩雷點
5. 間隔複習 10 分鐘：回顧前 1 天 / 7 天的卡片與舊功能",功能切片：整理 README、截圖、部署連結、學習回顧；驗收重點：頁面可操作、命名一致、狀態明確、可被後續測試/重構。,"1. 「最終整合與作品集封裝」主要在解決什麼問題？如果不處理，收斂與面試化 會出現什麼維護成本？
2. 針對「整理 README、截圖、部署連結、學習回顧」，你至少要做哪 2 個設計取捨？為什麼？
3. 在 EduFlow 裡，今天這個主題最適合落在哪個頁面或元件？原因是什麼？
4. 新手在做「最終整合與作品集封裝」時最常犯的 1–2 個錯誤是什麼？你要怎麼避免？
5. 如果面試官問你今天的設計決策，你會如何用 1 分鐘講出『問題 → 方案 → 取捨』？",請用白話向一位 junior 解釋：為什麼「最終整合與作品集封裝」不能只追求能動，而要同時考慮可維護性？請順便用「整理 README、截圖、部署連結、學習回顧」舉例。,EduFlow 完成「整理 README、截圖、部署連結、學習回顧」的最小可交付版本，並補一段可面試口說的設計說明。,3–5 小時（面試化 / 作品集收斂）,複習節奏：D+1 看 Day 60 卡片；D+7 回顧本日主題；D+21 加入反例與踩雷,此版本依前面已整理出的 60 天主線延伸；若要逐字對齊原始 plans.txt，需重新上傳原檔。
